RECORDING_SESSION_LABEL,sentence,word_complex,preview,condition,CURRENT_FIX_INDEX,CURRENT_FIX_INTEREST_AREA_ID,CURRENT_FIX_INTEREST_AREA_RUN_ID,CURRENT_FIX_X,,
05wyh,119,HC,JH,HC_JH,1,1,1,121,,0
05wyh,119,HC,JH,HC_JH,2,1,1,227.9,,0
05wyh,119,HC,JH,HC_JH,3,1,1,199.5,,0
05wyh,119,HC,JH,HC_JH,4,1,1,257.9,,1
05wyh,119,HC,JH,HC_JH,5,2,1,361.7,,1
05wyh,119,HC,JH,HC_JH,6,1,2,195,,0
05wyh,119,HC,JH,HC_JH,7,1,2,243.6,,1
05wyh,119,HC,JH,HC_JH,8,2,2,360.1,,1
05wyh,119,HC,JH,HC_JH,9,4,1,412.1,,1
05wyh,119,HC,JH,HC_JH,10,2,3,373.4,,1
05wyh,119,HC,JH,HC_JH,11,5,1,581.2,,0
05wyh,119,HC,JH,HC_JH,12,5,1,653,,1
05wyh,20,LC,TP,LC_TP,1,1,1,108.6,,0
05wyh,20,LC,TP,LC_TP,2,1,1,215.4,,0
05wyh,20,LC,TP,LC_TP,3,1,1,175.5,,0
05wyh,20,LC,TP,LC_TP,4,1,1,263.1,,1
05wyh,20,LC,TP,LC_TP,5,5,1,386,,0
05wyh,20,LC,TP,LC_TP,6,5,1,475.4,,0
05wyh,20,LC,TP,LC_TP,7,5,1,613.1,,0
05wyh,20,LC,TP,LC_TP,8,5,1,668.8,,1
05wyh,20,LC,TP,LC_TP,9,.,.,768.3,,1
05wyh,20,LC,TP,LC_TP,10,5,2,536.2,,0
05wyh,20,LC,TP,LC_TP,11,5,2,694.7,,1
05wyh,78,HC,ID,HC_ID,1,1,1,118.8,,0
05wyh,78,HC,ID,HC_ID,2,1,1,205.8,,0
05wyh,78,HC,ID,HC_ID,3,1,1,183.6,,0
05wyh,78,HC,ID,HC_ID,4,1,1,273.3,,1
05wyh,78,HC,ID,HC_ID,5,3,1,344.6,,1
05wyh,78,HC,ID,HC_ID,6,1,2,295.2,,1
05wyh,78,HC,ID,HC_ID,7,5,1,432.3,,0
05wyh,78,HC,ID,HC_ID,8,5,1,509.4,,0
05wyh,78,HC,ID,HC_ID,9,5,1,604.2,,0
05wyh,78,HC,ID,HC_ID,10,5,1,687.8,,1
05wyh,78,HC,ID,HC_ID,11,1,3,188.2,,0
05wyh,37,LC,JL,LC_JL,1,1,1,119.2,,0
05wyh,37,LC,JL,LC_JL,2,1,1,199.9,,0
05wyh,37,LC,JL,LC_JL,3,1,1,184,,0
05wyh,37,LC,JL,LC_JL,4,1,1,241.9,,1
05wyh,37,LC,JL,LC_JL,5,3,1,319.8,,0
05wyh,37,LC,JL,LC_JL,6,3,1,333.4,,1
05wyh,37,LC,JL,LC_JL,7,5,1,441.2,,0
05wyh,37,LC,JL,LC_JL,8,5,1,510.1,,0
05wyh,37,LC,JL,LC_JL,9,5,1,600,,0
05wyh,37,LC,JL,LC_JL,10,5,1,656.7,,1
05wyh,36,LC,JL,LC_JL,1,1,1,122.2,,0
05wyh,36,LC,JL,LC_JL,2,1,1,213.3,,0
05wyh,36,LC,JL,LC_JL,3,1,1,309.9,,1
05wyh,36,LC,JL,LC_JL,4,2,1,420.7,,1
05wyh,36,LC,JL,LC_JL,5,4,1,476.6,,1
05wyh,36,LC,JL,LC_JL,6,1,2,343.3,,1
05wyh,36,LC,JL,LC_JL,7,3,1,466.5,,1
05wyh,36,LC,JL,LC_JL,8,1,3,391.3,,0
05wyh,36,LC,JL,LC_JL,9,1,3,363.3,,1
05wyh,36,LC,JL,LC_JL,10,4,2,503,,1
05wyh,36,LC,JL,LC_JL,11,5,1,614.2,,0
05wyh,36,LC,JL,LC_JL,12,5,1,695.5,,0
05wyh,36,LC,JL,LC_JL,13,5,1,615.7,,1
05wyh,39,LC,JL,LC_JL,1,1,1,118.7,,0
05wyh,39,LC,JL,LC_JL,2,1,1,227.8,,0
05wyh,39,LC,JL,LC_JL,3,1,1,187.8,,1
05wyh,39,LC,JL,LC_JL,4,2,1,293.3,,0
05wyh,39,LC,JL,LC_JL,5,2,1,303.9,,0
05wyh,39,LC,JL,LC_JL,6,2,1,285.2,,1
05wyh,39,LC,JL,LC_JL,7,5,1,429.5,,0
05wyh,39,LC,JL,LC_JL,8,5,1,499.2,,0
05wyh,39,LC,JL,LC_JL,9,5,1,557.7,,0
05wyh,39,LC,JL,LC_JL,10,5,1,613.3,,0
05wyh,39,LC,JL,LC_JL,11,5,1,468.1,,0
05wyh,39,LC,JL,LC_JL,12,5,1,699.8,,0
05wyh,39,LC,JL,LC_JL,13,5,1,382.7,,1
05wyh,39,LC,JL,LC_JL,14,1,2,171.5,,0
05wyh,115,HC,JH,HC_JH,1,1,1,134.9,,0
05wyh,115,HC,JH,HC_JH,2,1,1,213.9,,0
05wyh,115,HC,JH,HC_JH,3,1,1,259.5,,1
05wyh,115,HC,JH,HC_JH,4,2,1,309.5,,1
05wyh,115,HC,JH,HC_JH,5,3,1,356.6,,0
05wyh,115,HC,JH,HC_JH,6,3,1,371.1,,1
05wyh,115,HC,JH,HC_JH,7,5,1,445.9,,0
05wyh,115,HC,JH,HC_JH,8,5,1,523.3,,0
05wyh,115,HC,JH,HC_JH,9,5,1,625.1,,0
05wyh,115,HC,JH,HC_JH,10,5,1,699.8,,0
05wyh,115,HC,JH,HC_JH,11,5,1,461.4,,1
05wyh,115,HC,JH,HC_JH,12,3,2,367.1,,1
05wyh,115,HC,JH,HC_JH,13,2,2,307.4,,1
05wyh,52,LC,JH,LC_JH,1,1,1,114,,0
05wyh,52,LC,JH,LC_JH,2,1,1,197.4,,0
05wyh,52,LC,JH,LC_JH,3,1,1,161.9,,0
05wyh,52,LC,JH,LC_JH,4,1,1,290.75,,0
05wyh,52,LC,JH,LC_JH,5,1,1,363.9,,1
05wyh,52,LC,JH,LC_JH,6,2,1,410.9,,1
05wyh,52,LC,JH,LC_JH,7,4,1,482.8,,1
05wyh,52,LC,JH,LC_JH,8,1,2,397.2,,1
05wyh,52,LC,JH,LC_JH,9,5,1,557.7,,0
05wyh,52,LC,JH,LC_JH,10,5,1,670.6,,1
05wyh,52,LC,JH,LC_JH,11,1,3,296.2,,0
05wyh,32,LC,TP,LC_TP,1,1,1,119.3,,0
05wyh,32,LC,TP,LC_TP,2,1,1,217.3,,0
05wyh,32,LC,TP,LC_TP,3,1,1,272.7,,0
05wyh,32,LC,TP,LC_TP,4,1,1,355,,1
05wyh,32,LC,TP,LC_TP,5,4,1,461.1,,1
05wyh,32,LC,TP,LC_TP,6,3,1,436,,1
05wyh,32,LC,TP,LC_TP,7,5,1,555,,0
05wyh,32,LC,TP,LC_TP,8,5,1,663.4,,0
05wyh,32,LC,TP,LC_TP,9,5,1,716.2,,1
05wyh,32,LC,TP,LC_TP,10,1,2,304.9,,0
05wyh,32,LC,TP,LC_TP,11,1,2,181,,0
05wyh,105,HC,JL,HC_JL,1,1,1,131.8,,1
05wyh,105,HC,JL,HC_JL,2,2,1,246.3,,1
05wyh,105,HC,JL,HC_JL,3,1,2,179.8,,1
05wyh,105,HC,JL,HC_JL,4,2,2,264.9,,1
05wyh,105,HC,JL,HC_JL,5,3,1,306.1,,1
05wyh,105,HC,JL,HC_JL,6,1,3,200.1,,1
05wyh,105,HC,JL,HC_JL,7,5,1,352.7,,0
05wyh,105,HC,JL,HC_JL,8,5,1,470.3,,0
05wyh,105,HC,JL,HC_JL,9,5,1,425.7,,0
05wyh,105,HC,JL,HC_JL,10,5,1,461.4,,0
05wyh,105,HC,JL,HC_JL,11,5,1,572.1,,0
05wyh,105,HC,JL,HC_JL,12,5,1,659.7,,0
05wyh,105,HC,JL,HC_JL,13,5,1,678.2,,1
05wyh,51,LC,JH,LC_JH,1,1,1,131.9,,0
05wyh,51,LC,JH,LC_JH,2,1,1,210.8,,0
05wyh,51,LC,JH,LC_JH,3,1,1,309.1,,0
05wyh,51,LC,JH,LC_JH,4,1,1,244.8,,0
05wyh,51,LC,JH,LC_JH,5,1,1,352.3,,0
05wyh,51,LC,JH,LC_JH,6,1,1,370.3,,1
05wyh,51,LC,JH,LC_JH,7,3,1,489.3,,1
05wyh,51,LC,JH,LC_JH,8,1,2,433.9,,1
05wyh,51,LC,JH,LC_JH,9,5,1,574.7,,0
05wyh,51,LC,JH,LC_JH,10,5,1,660.8,,1
05wyh,51,LC,JH,LC_JH,11,1,3,178,,0
05wyh,51,LC,JH,LC_JH,12,1,3,244.7,,0
05wyh,114,HC,JH,HC_JH,1,1,1,126,,0
05wyh,114,HC,JH,HC_JH,2,1,1,243.3,,0
05wyh,114,HC,JH,HC_JH,3,1,1,199.2,,0
05wyh,114,HC,JH,HC_JH,4,1,1,292.7,,0
05wyh,114,HC,JH,HC_JH,5,1,1,349.1,,1
05wyh,114,HC,JH,HC_JH,6,2,1,435.1,,1
05wyh,114,HC,JH,HC_JH,7,4,1,479.1,,1
05wyh,114,HC,JH,HC_JH,8,5,1,526.6,,0
05wyh,114,HC,JH,HC_JH,9,5,1,594.8,,1
05wyh,114,HC,JH,HC_JH,10,4,2,488.7,,1
05wyh,114,HC,JH,HC_JH,11,5,2,524.6,,0
05wyh,114,HC,JH,HC_JH,12,5,2,625.4,,1
05wyh,42,LC,JL,LC_JL,1,1,1,125.3,,0
05wyh,42,LC,JL,LC_JL,2,1,1,201.8,,1
05wyh,42,LC,JL,LC_JL,3,4,1,323.4,,1
05wyh,42,LC,JL,LC_JL,4,3,1,287.3,,1
05wyh,42,LC,JL,LC_JL,5,5,1,438.1,,0
05wyh,42,LC,JL,LC_JL,6,5,1,490,,0
05wyh,42,LC,JL,LC_JL,7,5,1,610.6,,0
05wyh,42,LC,JL,LC_JL,8,5,1,505,,0
05wyh,42,LC,JL,LC_JL,9,5,1,638.6,,1
05wyh,126,HC,JH,HC_JH,1,1,1,134.7,,0
05wyh,126,HC,JH,HC_JH,2,1,1,208.9,,0
05wyh,126,HC,JH,HC_JH,3,1,1,296.5,,0
05wyh,126,HC,JH,HC_JH,4,1,1,358.5,,0
05wyh,126,HC,JH,HC_JH,5,1,1,422.4,,1
05wyh,126,HC,JH,HC_JH,6,4,1,515.7,,1
05wyh,126,HC,JH,HC_JH,7,5,1,569.4,,0
05wyh,126,HC,JH,HC_JH,8,5,1,614.5,,0
05wyh,126,HC,JH,HC_JH,9,5,1,705.5,,1
05wyh,126,HC,JH,HC_JH,10,1,2,185.6,,0
05wyh,30,LC,TP,LC_TP,1,1,1,124.2,,0
05wyh,30,LC,TP,LC_TP,2,1,1,204.5,,0
05wyh,30,LC,TP,LC_TP,3,1,1,292.1,,1
05wyh,30,LC,TP,LC_TP,4,4,1,385.6,,1
05wyh,30,LC,TP,LC_TP,5,5,1,415,,0
05wyh,30,LC,TP,LC_TP,6,5,1,554.3,,0
05wyh,30,LC,TP,LC_TP,7,5,1,445.5,,0
05wyh,30,LC,TP,LC_TP,8,5,1,615.3,,1
05wyh,110,HC,JL,HC_JL,1,1,1,125.2,,0
05wyh,110,HC,JL,HC_JL,2,1,1,194.6,,0
05wyh,110,HC,JL,HC_JL,3,1,1,310.8,,0
05wyh,110,HC,JL,HC_JL,4,1,1,351.3,,0
05wyh,110,HC,JL,HC_JL,5,1,1,374.4,,1
05wyh,110,HC,JL,HC_JL,6,3,1,502.7,,1
05wyh,110,HC,JL,HC_JL,7,5,1,637.3,,0
05wyh,110,HC,JL,HC_JL,8,5,1,728.8,,1
05wyh,50,LC,JH,LC_JH,1,1,1,112.5,,0
05wyh,50,LC,JH,LC_JH,2,1,1,200.5,,1
05wyh,50,LC,JH,LC_JH,3,3,1,348.9,,1
05wyh,50,LC,JH,LC_JH,4,1,2,272,,1
05wyh,50,LC,JH,LC_JH,5,2,1,326.7,,1
05wyh,50,LC,JH,LC_JH,6,5,1,456.7,,1
05wyh,50,LC,JH,LC_JH,7,4,1,401.8,,1
05wyh,50,LC,JH,LC_JH,8,5,2,535.3,,0
05wyh,50,LC,JH,LC_JH,9,5,2,610.3,,0
05wyh,50,LC,JH,LC_JH,10,5,2,672.7,,0
05wyh,50,LC,JH,LC_JH,11,5,2,710,,1
05wyh,50,LC,JH,LC_JH,12,1,3,212.5,,0
05wyh,101,HC,JL,HC_JL,1,1,1,121.6,,0
05wyh,101,HC,JL,HC_JL,2,1,1,234.8,,1
05wyh,101,HC,JL,HC_JL,3,2,1,301.6,,1
05wyh,101,HC,JL,HC_JL,4,5,1,425.5,,1
05wyh,101,HC,JL,HC_JL,5,3,1,326.2,,1
05wyh,101,HC,JL,HC_JL,6,5,2,443.3,,0
05wyh,101,HC,JL,HC_JL,7,5,2,490.1,,1
05wyh,101,HC,JL,HC_JL,8,1,2,271.9,,1
05wyh,101,HC,JL,HC_JL,9,4,1,340,,1
05wyh,101,HC,JL,HC_JL,10,1,3,216.4,,1
05wyh,101,HC,JL,HC_JL,11,5,3,449.1,,0
05wyh,101,HC,JL,HC_JL,12,5,3,496.5,,0
05wyh,101,HC,JL,HC_JL,13,5,3,592.3,,0
05wyh,101,HC,JL,HC_JL,14,5,3,481.3,,0
05wyh,101,HC,JL,HC_JL,15,5,3,555.8,,0
05wyh,101,HC,JL,HC_JL,16,5,3,661.6,,1
05wyh,74,HC,ID,HC_ID,1,1,1,122.1,,0
05wyh,74,HC,ID,HC_ID,2,1,1,191.2,,0
05wyh,74,HC,ID,HC_ID,3,1,1,126.8,,0
05wyh,74,HC,ID,HC_ID,4,1,1,218,,0
05wyh,74,HC,ID,HC_ID,5,1,1,324.5,,0
05wyh,74,HC,ID,HC_ID,6,1,1,283.7,,0
05wyh,74,HC,ID,HC_ID,7,1,1,428.2,,1
05wyh,74,HC,ID,HC_ID,8,2,1,502.2,,1
05wyh,74,HC,ID,HC_ID,9,4,1,561.2,,1
05wyh,74,HC,ID,HC_ID,10,5,1,639,,1
05wyh,74,HC,ID,HC_ID,11,1,2,237.7,,0
05wyh,74,HC,ID,HC_ID,12,1,2,345.7,,0
05wyh,70,HC,ID,HC_ID,1,1,1,123.4,,1
05wyh,70,HC,ID,HC_ID,2,5,1,389.2,,1
05wyh,70,HC,ID,HC_ID,3,1,2,196.4,,0
05wyh,70,HC,ID,HC_ID,4,1,2,271.6,,0
05wyh,70,HC,ID,HC_ID,5,1,2,220.4,,1
05wyh,70,HC,ID,HC_ID,6,2,1,274.5,,1
05wyh,70,HC,ID,HC_ID,7,4,1,344.6,,1
05wyh,70,HC,ID,HC_ID,8,3,1,314.3,,1
05wyh,70,HC,ID,HC_ID,9,5,2,426.6,,0
05wyh,70,HC,ID,HC_ID,10,5,2,525.5,,0
05wyh,70,HC,ID,HC_ID,11,5,2,657.4,,0
05wyh,70,HC,ID,HC_ID,12,5,2,585.3,,0
05wyh,70,HC,ID,HC_ID,13,5,2,664.2,,0
05wyh,70,HC,ID,HC_ID,14,5,2,707.5,,1
05wyh,70,HC,ID,HC_ID,15,1,3,191.5,,0
05wyh,109,HC,JL,HC_JL,1,1,1,118.6,,0
05wyh,109,HC,JL,HC_JL,2,1,1,196.3,,0
05wyh,109,HC,JL,HC_JL,3,1,1,254.4,,0
05wyh,109,HC,JL,HC_JL,4,1,1,307.8,,0
05wyh,109,HC,JL,HC_JL,5,1,1,385.6,,1
05wyh,109,HC,JL,HC_JL,6,2,1,474.1,,1
05wyh,109,HC,JL,HC_JL,7,4,1,572.3,,1
05wyh,109,HC,JL,HC_JL,8,5,1,671.9,,1
05wyh,109,HC,JL,HC_JL,9,1,2,171.7,,0
05wyh,5,LC,ID,LC_ID,1,1,1,124.1,,0
05wyh,5,LC,ID,LC_ID,2,1,1,205.9,,0
05wyh,5,LC,ID,LC_ID,3,1,1,182.1,,0
05wyh,5,LC,ID,LC_ID,4,1,1,266.7,,1
05wyh,5,LC,ID,LC_ID,5,3,1,348.6,,1
05wyh,5,LC,ID,LC_ID,6,5,1,425.3,,0
05wyh,5,LC,ID,LC_ID,7,5,1,509.9,,0
05wyh,5,LC,ID,LC_ID,8,5,1,598.9,,0
05wyh,5,LC,ID,LC_ID,9,5,1,646.1,,1
05wyh,5,LC,ID,LC_ID,10,1,2,224.7,,1
05wyh,5,LC,ID,LC_ID,11,5,2,669.1,,1
05wyh,128,HC,JH,0,1,1,1,120,,0
05wyh,128,HC,JH,0,2,1,1,217,,0
05wyh,128,HC,JH,0,3,1,1,308.1,,1
05wyh,128,HC,JH,0,4,4,1,408.7,,1
05wyh,128,HC,JH,0,5,3,1,386.9,,1
05wyh,128,HC,JH,0,6,5,1,532.2,,0
05wyh,128,HC,JH,0,7,5,1,593,,0
05wyh,128,HC,JH,0,8,5,1,481.2,,0
05wyh,128,HC,JH,0,9,5,1,604.5,,1
05wyh,128,HC,JH,0,10,1,2,260.7,,0
05wyh,128,HC,JH,0,11,1,2,199.9,,0
05wyh,86,HC,TP,HC_TP,1,1,1,122.3,,0
05wyh,86,HC,TP,HC_TP,2,1,1,215.1,,0
05wyh,86,HC,TP,HC_TP,3,1,1,194.6,,0
05wyh,86,HC,TP,HC_TP,4,1,1,328.6,,1
05wyh,86,HC,TP,HC_TP,5,2,1,473.4,,1
05wyh,86,HC,TP,HC_TP,6,3,1,520.2,,1
05wyh,86,HC,TP,HC_TP,7,4,1,566.9,,1
05wyh,86,HC,TP,HC_TP,8,5,1,721.3,,1
05wyh,86,HC,TP,HC_TP,9,1,2,424.7,,1
05wyh,86,HC,TP,HC_TP,10,4,2,550.9,,1
05wyh,13,LC,ID,LC_ID,1,1,1,120.7,,0
05wyh,13,LC,ID,LC_ID,2,1,1,240.3,,1
05wyh,13,LC,ID,LC_ID,3,3,1,410.3,,1
05wyh,13,LC,ID,LC_ID,4,1,2,346.3,,1
05wyh,13,LC,ID,LC_ID,5,5,1,535.4,,0
05wyh,13,LC,ID,LC_ID,6,5,1,682,,0
05wyh,13,LC,ID,LC_ID,7,5,1,610.9,,1
05wyh,28,LC,TP,LC_TP,1,.,.,-69.8,,1
05wyh,28,LC,TP,LC_TP,2,2,1,216.9,,1
05wyh,28,LC,TP,LC_TP,3,1,1,188.7,,1
05wyh,28,LC,TP,LC_TP,4,4,1,290,,1
05wyh,28,LC,TP,LC_TP,5,3,1,243.1,,1
05wyh,28,LC,TP,LC_TP,6,4,2,297.1,,1
05wyh,28,LC,TP,LC_TP,7,5,1,367.2,,0
05wyh,28,LC,TP,LC_TP,8,5,1,457.5,,0
05wyh,28,LC,TP,LC_TP,9,5,1,569.9,,0
05wyh,28,LC,TP,LC_TP,10,5,1,645.6,,1
05wyh,68,HC,ID,HC_ID,1,1,1,116.5,,0
05wyh,68,HC,ID,HC_ID,2,1,1,210.2,,0
05wyh,68,HC,ID,HC_ID,3,1,1,326.9,,1
05wyh,68,HC,ID,HC_ID,4,2,1,457.9,,1
05wyh,68,HC,ID,HC_ID,5,4,1,523.3,,1
05wyh,68,HC,ID,HC_ID,6,1,2,312.9,,0
05wyh,68,HC,ID,HC_ID,7,1,2,405.5,,1
05wyh,68,HC,ID,HC_ID,8,5,1,614.1,,0
05wyh,68,HC,ID,HC_ID,9,5,1,672.9,,1
05wyh,68,HC,ID,HC_ID,10,4,2,534.9,,1
05wyh,14,LC,ID,LC_ID,1,1,1,99.3,,0
05wyh,14,LC,ID,LC_ID,2,1,1,201.7,,0
05wyh,14,LC,ID,LC_ID,3,1,1,284.6,,0
05wyh,14,LC,ID,LC_ID,4,1,1,364.1,,0
05wyh,14,LC,ID,LC_ID,5,1,1,230.5,,0
05wyh,14,LC,ID,LC_ID,6,1,1,178.1,,0
05wyh,14,LC,ID,LC_ID,7,1,1,372,,0
05wyh,14,LC,ID,LC_ID,8,1,1,320.5,,1
05wyh,14,LC,ID,LC_ID,9,5,1,490.1,,0
05wyh,14,LC,ID,LC_ID,10,5,1,557.3,,0
05wyh,14,LC,ID,LC_ID,11,5,1,679.2,,1
05wyh,14,LC,ID,LC_ID,12,4,1,455.9,,1
05wyh,55,LC,JH,LC_JH,1,1,1,127.1,,0
05wyh,55,LC,JH,LC_JH,2,1,1,212.6,,0
05wyh,55,LC,JH,LC_JH,3,1,1,295.6,,0
05wyh,55,LC,JH,LC_JH,4,1,1,233.3,,1
05wyh,55,LC,JH,LC_JH,5,2,1,311.9,,1
05wyh,55,LC,JH,LC_JH,6,4,1,375.7,,1
05wyh,55,LC,JH,LC_JH,7,3,1,343.7,,1
05wyh,55,LC,JH,LC_JH,8,5,1,495.3,,1
05wyh,55,LC,JH,LC_JH,9,4,2,401.5,,1
05wyh,55,LC,JH,LC_JH,10,5,2,487.1,,0
05wyh,55,LC,JH,LC_JH,11,5,2,549.7,,0
05wyh,55,LC,JH,LC_JH,12,5,2,462.3,,1
05wyh,96,HC,TP,HC_TP,1,1,1,135.6,,0
05wyh,96,HC,TP,HC_TP,2,1,1,197.5,,0
05wyh,96,HC,TP,HC_TP,3,1,1,273.8,,0
05wyh,96,HC,TP,HC_TP,4,1,1,213.2,,0
05wyh,96,HC,TP,HC_TP,5,1,1,313.7,,0
05wyh,96,HC,TP,HC_TP,6,1,1,416.6,,0
05wyh,96,HC,TP,HC_TP,7,1,1,342.3,,0
05wyh,96,HC,TP,HC_TP,8,1,1,410.3,,1
05wyh,96,HC,TP,HC_TP,9,3,1,492.9,,1
05wyh,96,HC,TP,HC_TP,10,5,1,579.4,,0
05wyh,96,HC,TP,HC_TP,11,5,1,644.1,,1
05wyh,96,HC,TP,HC_TP,12,4,1,522.3,,1
05wyh,96,HC,TP,HC_TP,13,5,2,594.1,,0
05wyh,96,HC,TP,HC_TP,14,5,2,670.7,,1
05wyh,73,HC,ID,HC_ID,1,1,1,134.7,,0
05wyh,73,HC,ID,HC_ID,2,1,1,214.2,,0
05wyh,73,HC,ID,HC_ID,3,1,1,283,,0
05wyh,73,HC,ID,HC_ID,4,1,1,375.8,,1
05wyh,73,HC,ID,HC_ID,5,4,1,488.2,,1
05wyh,73,HC,ID,HC_ID,6,3,1,457.7,,1
05wyh,73,HC,ID,HC_ID,7,5,1,548.6,,1
05wyh,73,HC,ID,HC_ID,8,4,2,504.6,,1
05wyh,73,HC,ID,HC_ID,9,5,2,617.8,,1
05wyh,73,HC,ID,HC_ID,10,1,2,192.9,,0
05wyh,107,HC,JL,HC_JL,1,1,1,132.5,,0
05wyh,107,HC,JL,HC_JL,2,1,1,219.6,,0
05wyh,107,HC,JL,HC_JL,3,1,1,290.2,,0
05wyh,107,HC,JL,HC_JL,4,1,1,216,,1
05wyh,107,HC,JL,HC_JL,5,2,1,380.5,,1
05wyh,107,HC,JL,HC_JL,6,4,1,463.5,,1
05wyh,107,HC,JL,HC_JL,7,3,1,411.2,,1
05wyh,107,HC,JL,HC_JL,8,4,2,443.6,,1
05wyh,107,HC,JL,HC_JL,9,3,2,414.8,,1
05wyh,107,HC,JL,HC_JL,10,5,1,568.6,,0
05wyh,107,HC,JL,HC_JL,11,5,1,605.6,,0
05wyh,107,HC,JL,HC_JL,12,5,1,686.6,,0
05wyh,107,HC,JL,HC_JL,13,5,1,717.2,,1
05wyh,107,HC,JL,HC_JL,14,1,2,264.4,,0
05wyh,1,LC,ID,LC_ID,1,1,1,135.6,,0
05wyh,1,LC,ID,LC_ID,2,1,1,216.4,,0
05wyh,1,LC,ID,LC_ID,3,1,1,201.8,,0
05wyh,1,LC,ID,LC_ID,4,1,1,294.5,,0
05wyh,1,LC,ID,LC_ID,5,1,1,358.1,,1
05wyh,1,LC,ID,LC_ID,6,3,1,427,,1
05wyh,1,LC,ID,LC_ID,7,5,1,496.6,,0
05wyh,1,LC,ID,LC_ID,8,5,1,580.9,,0
05wyh,1,LC,ID,LC_ID,9,5,1,644.1,,1
05wyh,1,LC,ID,LC_ID,10,1,2,373.1,,0
05wyh,59,LC,JH,LC_JH,1,1,1,118.2,,0
05wyh,59,LC,JH,LC_JH,2,1,1,206.3,,0
05wyh,59,LC,JH,LC_JH,3,1,1,290.3,,0
05wyh,59,LC,JH,LC_JH,4,1,1,365.8,,1
05wyh,59,LC,JH,LC_JH,5,3,1,424.5,,1
05wyh,59,LC,JH,LC_JH,6,2,1,390.5,,1
05wyh,59,LC,JH,LC_JH,7,5,1,561.2,,0
05wyh,59,LC,JH,LC_JH,8,5,1,648.9,,1
05wyh,63,LC,JH,LC_JH,1,1,1,138.7,,0
05wyh,63,LC,JH,LC_JH,2,1,1,259.5,,1
05wyh,63,LC,JH,LC_JH,3,2,1,377.3,,1
05wyh,63,LC,JH,LC_JH,4,4,1,455.1,,1
05wyh,63,LC,JH,LC_JH,5,2,2,400.8,,1
05wyh,63,LC,JH,LC_JH,6,4,2,463.5,,1
05wyh,63,LC,JH,LC_JH,7,5,1,575.1,,0
05wyh,63,LC,JH,LC_JH,8,5,1,665.6,,0
05wyh,63,LC,JH,LC_JH,9,5,1,535.8,,0
05wyh,63,LC,JH,LC_JH,10,5,1,691,,1
05wyh,44,LC,JL,LC_JL,1,1,1,132.2,,0
05wyh,44,LC,JL,LC_JL,2,1,1,225.9,,0
05wyh,44,LC,JL,LC_JL,3,1,1,287.7,,0
05wyh,44,LC,JL,LC_JL,4,1,1,381.6,,1
05wyh,44,LC,JL,LC_JL,5,4,1,481.2,,1
05wyh,44,LC,JL,LC_JL,6,5,1,584.2,,0
05wyh,44,LC,JL,LC_JL,7,5,1,639.2,,0
05wyh,44,LC,JL,LC_JL,8,5,1,715.1,,1
05wyh,35,LC,JL,LC_JL,1,1,1,132.7,,0
05wyh,35,LC,JL,LC_JL,2,1,1,204.1,,0
05wyh,35,LC,JL,LC_JL,3,1,1,272.6,,0
05wyh,35,LC,JL,LC_JL,4,1,1,357.8,,1
05wyh,35,LC,JL,LC_JL,5,3,1,446.2,,1
05wyh,35,LC,JL,LC_JL,6,5,1,518.6,,0
05wyh,35,LC,JL,LC_JL,7,5,1,612.2,,0
05wyh,35,LC,JL,LC_JL,8,5,1,671.3,,1
05wyh,88,HC,TP,HC_TP,1,1,1,154.4,,0
05wyh,88,HC,TP,HC_TP,2,1,1,260.5,,1
05wyh,88,HC,TP,HC_TP,3,4,1,490.9,,1
05wyh,88,HC,TP,HC_TP,4,.,.,980.3,,1
05wyh,88,HC,TP,HC_TP,5,1,2,159.4,,1
05wyh,88,HC,TP,HC_TP,6,.,.,923.3,,0
05wyh,88,HC,TP,HC_TP,7,.,.,928.9,,1
05wyh,88,HC,TP,HC_TP,8,1,3,237.5,,0
05wyh,88,HC,TP,HC_TP,9,1,3,324,,1
05wyh,88,HC,TP,HC_TP,10,3,1,442.6,,1
05wyh,88,HC,TP,HC_TP,11,4,2,505.9,,1
05wyh,88,HC,TP,HC_TP,12,5,1,601.7,,0
05wyh,88,HC,TP,HC_TP,13,5,1,677.2,,1
05wyh,45,LC,JL,LC_JL,1,1,1,128.7,,0
05wyh,45,LC,JL,LC_JL,2,1,1,205.8,,0
05wyh,45,LC,JL,LC_JL,3,1,1,283.3,,1
05wyh,45,LC,JL,LC_JL,4,4,1,384.3,,1
05wyh,45,LC,JL,LC_JL,5,5,1,505.5,,0
05wyh,45,LC,JL,LC_JL,6,5,1,589.2,,0
05wyh,45,LC,JL,LC_JL,7,5,1,635.8,,0
05wyh,45,LC,JL,LC_JL,8,5,1,516.2,,0
05wyh,45,LC,JL,LC_JL,9,5,1,620.3,,0
05wyh,45,LC,JL,LC_JL,10,5,1,672.5,,1
05wyh,75,HC,ID,HC_ID,1,1,1,134.2,,0
05wyh,75,HC,ID,HC_ID,2,1,1,226.7,,1
05wyh,75,HC,ID,HC_ID,3,2,1,293.2,,1
05wyh,75,HC,ID,HC_ID,4,4,1,348.7,,1
05wyh,75,HC,ID,HC_ID,5,5,1,463.5,,0
05wyh,75,HC,ID,HC_ID,6,5,1,548.3,,0
05wyh,75,HC,ID,HC_ID,7,5,1,629.5,,0
05wyh,75,HC,ID,HC_ID,8,5,1,704.8,,0
05wyh,75,HC,ID,HC_ID,9,5,1,781,,1
05wyh,106,HC,JL,HC_JL,1,1,1,127.05,,0
05wyh,106,HC,JL,HC_JL,2,1,1,199.5,,1
05wyh,106,HC,JL,HC_JL,3,.,.,1053.7,,1
05wyh,106,HC,JL,HC_JL,4,1,2,258.5,,1
05wyh,106,HC,JL,HC_JL,5,2,1,332,,1
05wyh,106,HC,JL,HC_JL,6,1,3,278.6,,1
05wyh,106,HC,JL,HC_JL,7,4,1,387.2,,1
05wyh,106,HC,JL,HC_JL,8,5,1,455.6,,0
05wyh,106,HC,JL,HC_JL,9,5,1,599.2,,1
05wyh,106,HC,JL,HC_JL,10,4,2,398.4,,1
05wyh,106,HC,JL,HC_JL,11,3,1,346.6,,1
05wyh,106,HC,JL,HC_JL,12,5,2,418.5,,0
05wyh,106,HC,JL,HC_JL,13,5,2,622.1,,0
05wyh,106,HC,JL,HC_JL,14,5,2,544,,0
05wyh,106,HC,JL,HC_JL,15,5,2,656.1,,0
05wyh,106,HC,JL,HC_JL,16,5,2,664.1,,1
05wyh,106,HC,JL,HC_JL,17,.,.,961.1,,1
05wyh,48,LC,JL,LC_JL,1,1,1,137.4,,0
05wyh,48,LC,JL,LC_JL,2,1,1,212.6,,0
05wyh,48,LC,JL,LC_JL,3,1,1,259.8,,0
05wyh,48,LC,JL,LC_JL,4,1,1,349.3,,0
05wyh,48,LC,JL,LC_JL,5,1,1,419.9,,0
05wyh,48,LC,JL,LC_JL,6,1,1,374.8,,1
05wyh,48,LC,JL,LC_JL,7,3,1,478.6,,1
05wyh,48,LC,JL,LC_JL,8,2,1,446.4,,1
05wyh,48,LC,JL,LC_JL,9,3,2,502.7,,1
05wyh,48,LC,JL,LC_JL,10,5,1,608.3,,0
05wyh,48,LC,JL,LC_JL,11,5,1,687.8,,0
05wyh,48,LC,JL,LC_JL,12,5,1,701.2,,1
05wyh,12,LC,ID,LC_ID,1,1,1,131.1,,0
05wyh,12,LC,ID,LC_ID,2,1,1,200.4,,0
05wyh,12,LC,ID,LC_ID,3,1,1,264.7,,0
05wyh,12,LC,ID,LC_ID,4,1,1,340.2,,1
05wyh,12,LC,ID,LC_ID,5,4,1,438.8,,1
05wyh,12,LC,ID,LC_ID,6,5,1,491.7,,0
05wyh,12,LC,ID,LC_ID,7,5,1,559.9,,0
05wyh,12,LC,ID,LC_ID,8,5,1,648.6,,1
05wyh,12,LC,ID,LC_ID,9,1,2,238.6,,0
05wyh,12,LC,ID,LC_ID,10,1,2,207.7,,0
05wyh,118,HC,JH,HC_JH,1,1,1,129.1,,0
05wyh,118,HC,JH,HC_JH,2,1,1,214.6,,1
05wyh,118,HC,JH,HC_JH,3,2,1,311.2,,1
05wyh,118,HC,JH,HC_JH,4,4,1,392.4,,1
05wyh,118,HC,JH,HC_JH,5,3,1,344.2,,1
05wyh,118,HC,JH,HC_JH,6,5,1,498.9,,0
05wyh,118,HC,JH,HC_JH,7,5,1,580.6,,0
05wyh,118,HC,JH,HC_JH,8,5,1,605.9,,0
05wyh,118,HC,JH,HC_JH,9,5,1,652.5,,1
05wyh,118,HC,JH,HC_JH,10,1,2,308.7,,0
05wyh,127,HC,JH,HC_JH,1,1,1,140,,1
05wyh,127,HC,JH,HC_JH,2,2,1,232.1,,1
05wyh,127,HC,JH,HC_JH,3,4,1,287.8,,1
05wyh,127,HC,JH,HC_JH,4,5,1,349.5,,1
05wyh,127,HC,JH,HC_JH,5,3,1,268.3,,1
05wyh,127,HC,JH,HC_JH,6,5,2,424.5,,0
05wyh,127,HC,JH,HC_JH,7,5,2,353,,0
05wyh,127,HC,JH,HC_JH,8,5,2,479.7,,0
05wyh,127,HC,JH,HC_JH,9,5,2,423.6,,0
05wyh,127,HC,JH,HC_JH,10,5,2,594.5,,0
05wyh,127,HC,JH,HC_JH,11,5,2,489.2,,1
05wyh,98,HC,JL,HC_JL,1,1,1,122.1,,0
05wyh,98,HC,JL,HC_JL,2,1,1,209.7,,0
05wyh,98,HC,JL,HC_JL,3,1,1,273.8,,1
05wyh,98,HC,JL,HC_JL,4,3,1,377,,1
05wyh,98,HC,JL,HC_JL,5,4,1,427.1,,1
05wyh,98,HC,JL,HC_JL,6,2,1,342.1,,1
05wyh,98,HC,JL,HC_JL,7,5,1,519.9,,0
05wyh,98,HC,JL,HC_JL,8,5,1,457.3,,0
05wyh,98,HC,JL,HC_JL,9,5,1,565,,0
05wyh,98,HC,JL,HC_JL,10,5,1,643.3,,1
05wyh,46,LC,JL,LC_JL,1,1,1,140.1,,0
05wyh,46,LC,JL,LC_JL,2,1,1,317.8,,0
05wyh,46,LC,JL,LC_JL,3,1,1,404.2,,1
05wyh,46,LC,JL,LC_JL,4,3,1,508.4,,1
05wyh,46,LC,JL,LC_JL,5,4,1,561.5,,1
05wyh,46,LC,JL,LC_JL,6,5,1,666.7,,1
05wyh,56,LC,JH,LC_JH,1,1,1,133.7,,0
05wyh,56,LC,JH,LC_JH,2,1,1,278.4,,1
05wyh,56,LC,JH,LC_JH,3,2,1,376.3,,1
05wyh,56,LC,JH,LC_JH,4,4,1,445.2,,1
05wyh,56,LC,JH,LC_JH,5,1,2,324,,0
05wyh,56,LC,JH,LC_JH,6,1,2,283.1,,1
05wyh,56,LC,JH,LC_JH,7,2,2,396.7,,1
05wyh,56,LC,JH,LC_JH,8,5,1,500.6,,0
05wyh,56,LC,JH,LC_JH,9,5,1,586.5,,0
05wyh,56,LC,JH,LC_JH,10,5,1,486.6,,0
05wyh,56,LC,JH,LC_JH,11,5,1,648.1,,1
05wyh,24,LC,TP,LC_TP,1,1,1,128.3,,0
05wyh,24,LC,TP,LC_TP,2,1,1,230.5,,0
05wyh,24,LC,TP,LC_TP,3,1,1,286.5,,1
05wyh,24,LC,TP,LC_TP,4,3,1,388.1,,1
05wyh,24,LC,TP,LC_TP,5,5,1,493,,0
05wyh,24,LC,TP,LC_TP,6,5,1,452.2,,0
05wyh,24,LC,TP,LC_TP,7,5,1,622.1,,0
05wyh,24,LC,TP,LC_TP,8,5,1,571,,0
05wyh,24,LC,TP,LC_TP,9,5,1,658.3,,1
05wyh,24,LC,TP,LC_TP,10,1,2,284.1,,0
05wyh,40,LC,JL,LC_JL,1,1,1,132.4,,0
05wyh,40,LC,JL,LC_JL,2,1,1,207.6,,0
05wyh,40,LC,JL,LC_JL,3,1,1,301.4,,0
05wyh,40,LC,JL,LC_JL,4,1,1,382.4,,1
05wyh,40,LC,JL,LC_JL,5,4,1,479.8,,1
05wyh,40,LC,JL,LC_JL,6,5,1,532.5,,1
05wyh,40,LC,JL,LC_JL,7,3,1,441.8,,1
05wyh,40,LC,JL,LC_JL,8,5,2,621.4,,1
05wyh,40,LC,JL,LC_JL,9,1,2,197.6,,0
05wyh,16,LC,ID,LC_ID,1,1,1,106.8,,0
05wyh,16,LC,ID,LC_ID,2,1,1,176.8,,1
05wyh,16,LC,ID,LC_ID,3,2,1,283.7,,1
05wyh,16,LC,ID,LC_ID,4,5,1,376.1,,0
05wyh,16,LC,ID,LC_ID,5,5,1,454.6,,0
05wyh,16,LC,ID,LC_ID,6,5,1,597.2,,0
05wyh,16,LC,ID,LC_ID,7,5,1,466.5,,0
05wyh,16,LC,ID,LC_ID,8,5,1,675.9,,1
05wyh,8,LC,ID,LC_ID,1,1,1,120.6,,0
05wyh,8,LC,ID,LC_ID,2,1,1,203.8,,0
05wyh,8,LC,ID,LC_ID,3,1,1,292.1,,0
05wyh,8,LC,ID,LC_ID,4,1,1,373.4,,0
05wyh,8,LC,ID,LC_ID,5,1,1,460.9,,1
05wyh,8,LC,ID,LC_ID,6,4,1,574.8,,1
05wyh,8,LC,ID,LC_ID,7,2,1,531.9,,1
05wyh,8,LC,ID,LC_ID,8,5,1,670.5,,1
05wyh,8,LC,ID,LC_ID,9,4,2,599.7,,1
05wyh,8,LC,ID,LC_ID,10,5,2,704,,1
05wyh,8,LC,ID,LC_ID,11,1,2,153.1,,0
05wyh,8,LC,ID,LC_ID,12,1,2,274.5,,0
05wyh,8,LC,ID,LC_ID,13,1,2,374.7,,0
05wyh,102,HC,JL,HC_JL,1,1,1,128.95,,0
05wyh,102,HC,JL,HC_JL,2,1,1,242.5,,0
05wyh,102,HC,JL,HC_JL,3,1,1,213.9,,0
05wyh,102,HC,JL,HC_JL,4,1,1,268.9,,1
05wyh,102,HC,JL,HC_JL,5,3,1,338.8,,1
05wyh,102,HC,JL,HC_JL,6,5,1,424.3,,0
05wyh,102,HC,JL,HC_JL,7,5,1,513.7,,0
05wyh,102,HC,JL,HC_JL,8,5,1,633.9,,1
05wyh,93,HC,TP,HC_TP,1,1,1,113.9,,0
05wyh,93,HC,TP,HC_TP,2,1,1,209.4,,0
05wyh,93,HC,TP,HC_TP,3,1,1,282.1,,0
05wyh,93,HC,TP,HC_TP,4,1,1,314.1,,0
05wyh,93,HC,TP,HC_TP,5,1,1,431.1,,1
05wyh,93,HC,TP,HC_TP,6,4,1,550,,1
05wyh,93,HC,TP,HC_TP,7,5,1,639.9,,0
05wyh,93,HC,TP,HC_TP,8,5,1,711.5,,1
05wyh,15,LC,ID,LC_ID,1,1,1,131.4,,0
05wyh,15,LC,ID,LC_ID,2,1,1,223.8,,0
05wyh,15,LC,ID,LC_ID,3,1,1,289.3,,0
05wyh,15,LC,ID,LC_ID,4,1,1,243.3,,1
05wyh,15,LC,ID,LC_ID,5,2,1,339,,1
05wyh,15,LC,ID,LC_ID,6,5,1,496.5,,0
05wyh,15,LC,ID,LC_ID,7,5,1,552.5,,0
05wyh,15,LC,ID,LC_ID,8,5,1,462.8,,1
05wyh,15,LC,ID,LC_ID,9,3,1,369.9,,1
05wyh,15,LC,ID,LC_ID,10,5,2,473.2,,0
05wyh,15,LC,ID,LC_ID,11,5,2,519.6,,0
05wyh,15,LC,ID,LC_ID,12,5,2,442.2,,0
05wyh,15,LC,ID,LC_ID,13,5,2,496,,0
05wyh,15,LC,ID,LC_ID,14,5,2,548.7,,0
05wyh,15,LC,ID,LC_ID,15,5,2,511.5,,0
05wyh,15,LC,ID,LC_ID,16,5,2,641.8,,1
05wyh,4,LC,ID,LC_ID,1,1,1,123,,0
05wyh,4,LC,ID,LC_ID,2,1,1,212.5,,0
05wyh,4,LC,ID,LC_ID,3,1,1,282.4,,1
05wyh,4,LC,ID,LC_ID,4,2,1,368,,1
05wyh,4,LC,ID,LC_ID,5,1,2,285.1,,1
05wyh,4,LC,ID,LC_ID,6,3,1,392.1,,1
05wyh,4,LC,ID,LC_ID,7,5,1,511.9,,0
05wyh,4,LC,ID,LC_ID,8,5,1,565.1,,0
05wyh,4,LC,ID,LC_ID,9,5,1,630.7,,1
05wyh,57,LC,JH,LC_JH,1,1,1,132.5,,0
05wyh,57,LC,JH,LC_JH,2,1,1,213.9,,0
05wyh,57,LC,JH,LC_JH,3,1,1,273.4,,1
05wyh,57,LC,JH,LC_JH,4,2,1,349.5,,1
05wyh,57,LC,JH,LC_JH,5,3,1,394.9,,1
05wyh,57,LC,JH,LC_JH,6,1,2,340.6,,1
05wyh,57,LC,JH,LC_JH,7,3,2,401,,1
05wyh,57,LC,JH,LC_JH,8,5,1,489.2,,0
05wyh,57,LC,JH,LC_JH,9,5,1,541.5,,0
05wyh,57,LC,JH,LC_JH,10,5,1,597.6,,1
05wyh,38,LC,JL,LC_JL,1,1,1,134.9,,0
05wyh,38,LC,JL,LC_JL,2,1,1,210.3,,0
05wyh,38,LC,JL,LC_JL,3,1,1,281.5,,0
05wyh,38,LC,JL,LC_JL,4,1,1,366.5,,1
05wyh,38,LC,JL,LC_JL,5,2,1,467.1,,1
05wyh,38,LC,JL,LC_JL,6,5,1,542.1,,1
05wyh,38,LC,JL,LC_JL,7,3,1,498.6,,1
05wyh,38,LC,JL,LC_JL,8,5,2,607.4,,0
05wyh,38,LC,JL,LC_JL,9,5,2,635.5,,0
05wyh,38,LC,JL,LC_JL,10,5,2,569,,1
05wyh,38,LC,JL,LC_JL,11,2,2,471.4,,1
05wyh,38,LC,JL,LC_JL,12,1,2,400.1,,0
05wyh,90,HC,TP,HC_TP,1,1,1,115.9,,0
05wyh,90,HC,TP,HC_TP,2,1,1,197.1,,0
05wyh,90,HC,TP,HC_TP,3,1,1,287.6,,0
05wyh,90,HC,TP,HC_TP,4,1,1,347.9,,0
05wyh,90,HC,TP,HC_TP,5,1,1,332.9,,0
05wyh,90,HC,TP,HC_TP,6,1,1,355.3,,1
05wyh,90,HC,TP,HC_TP,7,2,1,387.2,,1
05wyh,90,HC,TP,HC_TP,8,4,1,450.9,,1
05wyh,90,HC,TP,HC_TP,9,5,1,492.9,,0
05wyh,90,HC,TP,HC_TP,10,5,1,586.8,,1
05wyh,117,HC,JH,HC_JH,1,1,1,134.6,,0
05wyh,117,HC,JH,HC_JH,2,1,1,280.6,,0
05wyh,117,HC,JH,HC_JH,3,1,1,221,,0
05wyh,117,HC,JH,HC_JH,4,1,1,327.8,,0
05wyh,117,HC,JH,HC_JH,5,1,1,379.8,,1
05wyh,117,HC,JH,HC_JH,6,2,1,451.1,,1
05wyh,117,HC,JH,HC_JH,7,4,1,510.5,,0
05wyh,117,HC,JH,HC_JH,8,4,1,520.8,,1
05wyh,117,HC,JH,HC_JH,9,5,1,676,,0
05wyh,117,HC,JH,HC_JH,10,5,1,558.7,,1
05wyh,117,HC,JH,HC_JH,11,1,2,257.9,,0
05wyh,104,HC,JL,HC_JL,1,1,1,121.6,,0
05wyh,104,HC,JL,HC_JL,2,1,1,220.2,,0
05wyh,104,HC,JL,HC_JL,3,1,1,321.7,,1
05wyh,104,HC,JL,HC_JL,4,2,1,456.1,,1
05wyh,104,HC,JL,HC_JL,5,4,1,522.6,,1
05wyh,104,HC,JL,HC_JL,6,3,1,496.5,,1
05wyh,104,HC,JL,HC_JL,7,5,1,614.5,,0
05wyh,104,HC,JL,HC_JL,8,5,1,685.8,,0
05wyh,104,HC,JL,HC_JL,9,5,1,718.2,,1
05wyh,104,HC,JL,HC_JL,10,1,2,319.4,,0
05wyh,100,HC,JL,HC_JL,1,1,1,137.3,,0
05wyh,100,HC,JL,HC_JL,2,1,1,254.2,,0
05wyh,100,HC,JL,HC_JL,3,1,1,205.9,,0
05wyh,100,HC,JL,HC_JL,4,1,1,260.1,,1
05wyh,100,HC,JL,HC_JL,5,4,1,341.6,,1
05wyh,100,HC,JL,HC_JL,6,5,1,401.4,,0
05wyh,100,HC,JL,HC_JL,7,5,1,506.8,,0
05wyh,100,HC,JL,HC_JL,8,5,1,415.8,,0
05wyh,100,HC,JL,HC_JL,9,5,1,521.3,,0
05wyh,100,HC,JL,HC_JL,10,5,1,667.1,,0
05wyh,100,HC,JL,HC_JL,11,5,1,602.8,,0
05wyh,100,HC,JL,HC_JL,12,5,1,715.1,,1
05wyh,64,LC,JH,LC_JH,1,1,1,144.6,,0
05wyh,64,LC,JH,LC_JH,2,1,1,224.4,,0
05wyh,64,LC,JH,LC_JH,3,1,1,307.3,,1
05wyh,64,LC,JH,LC_JH,4,2,1,358.6,,1
05wyh,64,LC,JH,LC_JH,5,4,1,425.4,,1
05wyh,64,LC,JH,LC_JH,6,2,2,357,,1
05wyh,64,LC,JH,LC_JH,7,5,1,558.7,,0
05wyh,64,LC,JH,LC_JH,8,5,1,587.2,,1
05wyh,64,LC,JH,LC_JH,9,1,2,248.7,,0
05wyh,79,HC,ID,HC_ID,1,1,1,111.3,,0
05wyh,79,HC,ID,HC_ID,2,1,1,221.2,,1
05wyh,79,HC,ID,HC_ID,3,4,1,312.5,,1
05wyh,79,HC,ID,HC_ID,4,5,1,408.9,,0
05wyh,79,HC,ID,HC_ID,5,5,1,534.5,,0
05wyh,79,HC,ID,HC_ID,6,5,1,449.3,,0
05wyh,79,HC,ID,HC_ID,7,5,1,629.4,,0
05wyh,79,HC,ID,HC_ID,8,5,1,669.2,,0
05wyh,79,HC,ID,HC_ID,9,5,1,723.7,,1
05wyh,10,LC,ID,LC_ID,1,1,1,135.6,,0
05wyh,10,LC,ID,LC_ID,2,1,1,230.4,,0
05wyh,10,LC,ID,LC_ID,3,1,1,321.5,,1
05wyh,10,LC,ID,LC_ID,4,2,1,414.1,,1
05wyh,10,LC,ID,LC_ID,5,1,2,377.4,,1
05wyh,10,LC,ID,LC_ID,6,4,1,479.3,,1
05wyh,10,LC,ID,LC_ID,7,5,1,547.5,,0
05wyh,10,LC,ID,LC_ID,8,5,1,636.3,,0
05wyh,10,LC,ID,LC_ID,9,5,1,687.3,,1
05wyh,113,HC,JH,HC_JH,1,1,1,128.2,,0
05wyh,113,HC,JH,HC_JH,2,1,1,121.9,,0
05wyh,113,HC,JH,HC_JH,3,1,1,235.35,,0
05wyh,113,HC,JH,HC_JH,4,1,1,214.65,,1
05wyh,113,HC,JH,HC_JH,5,5,1,345.7,,1
05wyh,113,HC,JH,HC_JH,6,3,1,304,,1
05wyh,113,HC,JH,HC_JH,7,5,2,427.2,,0
05wyh,113,HC,JH,HC_JH,8,5,2,514.9,,0
05wyh,113,HC,JH,HC_JH,9,5,2,465.3,,0
05wyh,113,HC,JH,HC_JH,10,5,2,514.5,,0
05wyh,113,HC,JH,HC_JH,11,5,2,589.5,,0
05wyh,113,HC,JH,HC_JH,12,5,2,637.8,,0
05wyh,113,HC,JH,HC_JH,13,5,2,425.8,,1
05wyh,113,HC,JH,HC_JH,14,1,2,186.2,,0
05wyh,29,LC,TP,LC_TP,1,1,1,117.4,,0
05wyh,29,LC,TP,LC_TP,2,1,1,187.5,,0
05wyh,29,LC,TP,LC_TP,3,1,1,164.3,,0
05wyh,29,LC,TP,LC_TP,4,1,1,324.5,,1
05wyh,29,LC,TP,LC_TP,5,2,1,406.9,,1
05wyh,29,LC,TP,LC_TP,6,5,1,488.9,,1
05wyh,29,LC,TP,LC_TP,7,3,1,421.8,,1
05wyh,29,LC,TP,LC_TP,8,5,2,565.2,,0
05wyh,29,LC,TP,LC_TP,9,5,2,608.4,,0
05wyh,29,LC,TP,LC_TP,10,5,2,486.8,,1
05wyh,29,LC,TP,LC_TP,11,1,2,209.1,,0
05wyh,18,LC,TP,LC_TP,1,1,1,118.4,,0
05wyh,18,LC,TP,LC_TP,2,1,1,153.4,,0
05wyh,18,LC,TP,LC_TP,3,1,1,251.4,,0
05wyh,18,LC,TP,LC_TP,4,1,1,345.5,,1
05wyh,18,LC,TP,LC_TP,5,3,1,436.4,,1
05wyh,18,LC,TP,LC_TP,6,5,1,506.1,,1
05wyh,18,LC,TP,LC_TP,7,2,1,402.2,,1
05wyh,18,LC,TP,LC_TP,8,4,1,463,,1
05wyh,18,LC,TP,LC_TP,9,5,2,534.4,,0
05wyh,18,LC,TP,LC_TP,10,5,2,600.2,,0
05wyh,18,LC,TP,LC_TP,11,5,2,538,,1
05wyh,77,HC,ID,HC_ID,1,1,1,116.5,,0
05wyh,77,HC,ID,HC_ID,2,1,1,197.3,,0
05wyh,77,HC,ID,HC_ID,3,1,1,268.6,,0
05wyh,77,HC,ID,HC_ID,4,1,1,363.5,,1
05wyh,77,HC,ID,HC_ID,5,3,1,437.7,,1
05wyh,77,HC,ID,HC_ID,6,5,1,514,,0
05wyh,77,HC,ID,HC_ID,7,5,1,575.4,,0
05wyh,77,HC,ID,HC_ID,8,5,1,671.6,,1
05wyh,23,LC,TP,LC_TP,1,1,1,122.6,,0
05wyh,23,LC,TP,LC_TP,2,1,1,205.8,,0
05wyh,23,LC,TP,LC_TP,3,1,1,239,,0
05wyh,23,LC,TP,LC_TP,4,1,1,165,,0
05wyh,23,LC,TP,LC_TP,5,1,1,239,,1
05wyh,23,LC,TP,LC_TP,6,2,1,335.6,,1
05wyh,23,LC,TP,LC_TP,7,1,2,304.1,,1
05wyh,23,LC,TP,LC_TP,8,3,1,364.1,,1
05wyh,23,LC,TP,LC_TP,9,1,3,298.3,,1
05wyh,23,LC,TP,LC_TP,10,3,2,346.2,,1
05wyh,23,LC,TP,LC_TP,11,1,4,259.1,,1
05wyh,23,LC,TP,LC_TP,12,4,1,402,,1
05wyh,23,LC,TP,LC_TP,13,5,1,475.6,,0
05wyh,23,LC,TP,LC_TP,14,5,1,563.7,,0
05wyh,23,LC,TP,LC_TP,15,5,1,469.9,,0
05wyh,23,LC,TP,LC_TP,16,5,1,664.2,,0
05wyh,23,LC,TP,LC_TP,17,5,1,750.5,,1
05wyh,108,HC,JL,HC_JL,1,1,1,129.7,,0
05wyh,108,HC,JL,HC_JL,2,1,1,214,,0
05wyh,108,HC,JL,HC_JL,3,1,1,188.8,,1
05wyh,108,HC,JL,HC_JL,4,2,1,318.8,,1
05wyh,108,HC,JL,HC_JL,5,4,1,395.7,,1
05wyh,108,HC,JL,HC_JL,6,3,1,341.5,,1
05wyh,108,HC,JL,HC_JL,7,5,1,464,,0
05wyh,108,HC,JL,HC_JL,8,5,1,559.9,,0
05wyh,108,HC,JL,HC_JL,9,5,1,632,,1
05wyh,108,HC,JL,HC_JL,10,1,2,177.9,,0
05wyh,31,LC,TP,LC_TP,1,1,1,127.3,,0
05wyh,31,LC,TP,LC_TP,2,1,1,201,,0
05wyh,31,LC,TP,LC_TP,3,1,1,189.7,,0
05wyh,31,LC,TP,LC_TP,4,1,1,250.4,,1
05wyh,31,LC,TP,LC_TP,5,3,1,357.2,,1
05wyh,31,LC,TP,LC_TP,6,5,1,454.7,,0
05wyh,31,LC,TP,LC_TP,7,5,1,542.4,,0
05wyh,31,LC,TP,LC_TP,8,5,1,608.8,,1
05wyh,111,HC,JL,HC_JL,1,1,1,122.1,,0
05wyh,111,HC,JL,HC_JL,2,1,1,215.1,,0
05wyh,111,HC,JL,HC_JL,3,1,1,308,,0
05wyh,111,HC,JL,HC_JL,4,1,1,352.6,,1
05wyh,111,HC,JL,HC_JL,5,3,1,446.5,,0
05wyh,111,HC,JL,HC_JL,6,3,1,470.7,,1
05wyh,111,HC,JL,HC_JL,7,5,1,568.6,,1
05wyh,111,HC,JL,HC_JL,8,1,2,381.3,,0
05wyh,111,HC,JL,HC_JL,9,1,2,317,,1
05wyh,111,HC,JL,HC_JL,10,3,2,454.7,,1
05wyh,111,HC,JL,HC_JL,11,5,2,574.4,,0
05wyh,111,HC,JL,HC_JL,12,5,2,645.8,,1
05wyh,111,HC,JL,HC_JL,13,1,3,121.1,,0
05wyh,120,HC,JH,HC_JH,1,1,1,124.4,,0
05wyh,120,HC,JH,HC_JH,2,1,1,236,,1
05wyh,120,HC,JH,HC_JH,3,3,1,290.9,,1
05wyh,120,HC,JH,HC_JH,4,4,1,317.3,,1
05wyh,120,HC,JH,HC_JH,5,5,1,405.8,,0
05wyh,120,HC,JH,HC_JH,6,5,1,519.6,,0
05wyh,120,HC,JH,HC_JH,7,5,1,617.8,,0
05wyh,120,HC,JH,HC_JH,8,5,1,681.9,,1
05wyh,80,HC,ID,HC_ID,1,1,1,118.9,,0
05wyh,80,HC,ID,HC_ID,2,1,1,201.3,,0
05wyh,80,HC,ID,HC_ID,3,1,1,281.2,,0
05wyh,80,HC,ID,HC_ID,4,1,1,187.5,,0
05wyh,80,HC,ID,HC_ID,5,1,1,326.8,,1
05wyh,80,HC,ID,HC_ID,6,4,1,456.9,,1
05wyh,80,HC,ID,HC_ID,7,5,1,561.3,,0
05wyh,80,HC,ID,HC_ID,8,5,1,628.9,,0
05wyh,80,HC,ID,HC_ID,9,5,1,682.7,,1
05wyh,47,LC,JL,LC_JL,1,1,1,129.8,,0
05wyh,47,LC,JL,LC_JL,2,1,1,233.5,,0
05wyh,47,LC,JL,LC_JL,3,1,1,182.4,,0
05wyh,47,LC,JL,LC_JL,4,1,1,281.4,,0
05wyh,47,LC,JL,LC_JL,5,1,1,355.9,,1
05wyh,47,LC,JL,LC_JL,6,4,1,448.1,,1
05wyh,47,LC,JL,LC_JL,7,5,1,565.2,,1
05wyh,47,LC,JL,LC_JL,8,3,1,429.7,,1
05wyh,121,HC,JH,HC_JH,1,1,1,133.6,,0
05wyh,121,HC,JH,HC_JH,2,1,1,239.1,,0
05wyh,121,HC,JH,HC_JH,3,1,1,296.6,,1
05wyh,121,HC,JH,HC_JH,4,2,1,415.1,,1
05wyh,121,HC,JH,HC_JH,5,4,1,478.2,,1
05wyh,121,HC,JH,HC_JH,6,5,1,619.9,,0
05wyh,121,HC,JH,HC_JH,7,5,1,659.2,,1
05wyh,76,HC,ID,HC_ID,1,1,1,119.9,,0
05wyh,76,HC,ID,HC_ID,2,1,1,218.9,,1
05wyh,76,HC,ID,HC_ID,3,2,1,302.5,,1
05wyh,76,HC,ID,HC_ID,4,5,1,446.2,,0
05wyh,76,HC,ID,HC_ID,5,5,1,486.8,,0
05wyh,76,HC,ID,HC_ID,6,5,1,566.4,,0
05wyh,76,HC,ID,HC_ID,7,5,1,459.9,,0
05wyh,76,HC,ID,HC_ID,8,5,1,625.9,,1
05wyh,58,LC,JH,LC_JH,1,1,1,128.8,,0
05wyh,58,LC,JH,LC_JH,2,1,1,249.3,,0
05wyh,58,LC,JH,LC_JH,3,1,1,328.2,,1
05wyh,58,LC,JH,LC_JH,4,4,1,418,,1
05wyh,58,LC,JH,LC_JH,5,3,1,388.5,,1
05wyh,58,LC,JH,LC_JH,6,5,1,518.9,,0
05wyh,58,LC,JH,LC_JH,7,5,1,574.2,,0
05wyh,58,LC,JH,LC_JH,8,5,1,622.3,,1
05wyh,72,HC,ID,HC_ID,1,1,1,154.8,,0
05wyh,72,HC,ID,HC_ID,2,1,1,255.2,,1
05wyh,72,HC,ID,HC_ID,3,3,1,331.1,,1
05wyh,72,HC,ID,HC_ID,4,5,1,432.6,,0
05wyh,72,HC,ID,HC_ID,5,5,1,510.2,,0
05wyh,72,HC,ID,HC_ID,6,5,1,575.2,,0
05wyh,72,HC,ID,HC_ID,7,5,1,667.7,,0
05wyh,72,HC,ID,HC_ID,8,5,1,528.9,,0
05wyh,72,HC,ID,HC_ID,9,5,1,691.6,,1
05wyh,85,HC,TP,HC_TP,1,1,1,132.3,,0
05wyh,85,HC,TP,HC_TP,2,1,1,228.3,,1
05wyh,85,HC,TP,HC_TP,3,2,1,365.2,,1
05wyh,85,HC,TP,HC_TP,4,1,2,328.9,,1
05wyh,85,HC,TP,HC_TP,5,5,1,448.4,,1
05wyh,85,HC,TP,HC_TP,6,3,1,401.8,,1
05wyh,85,HC,TP,HC_TP,7,5,2,578.3,,0
05wyh,85,HC,TP,HC_TP,8,5,2,632.5,,0
05wyh,85,HC,TP,HC_TP,9,5,2,686.4,,1
05wyh,85,HC,TP,HC_TP,10,1,3,243.2,,0
05wyh,85,HC,TP,HC_TP,11,1,3,162.9,,0
05wyh,7,LC,ID,LC_ID,1,1,1,134.3,,0
05wyh,7,LC,ID,LC_ID,2,1,1,238.5,,0
05wyh,7,LC,ID,LC_ID,3,1,1,354.8,,0
05wyh,7,LC,ID,LC_ID,4,1,1,436.5,,1
05wyh,7,LC,ID,LC_ID,5,5,1,620.7,,0
05wyh,7,LC,ID,LC_ID,6,5,1,743.6,,1
05wyh,7,LC,ID,LC_ID,7,1,2,222.1,,0
05wyh,43,LC,JL,LC_JL,1,1,1,127.9,,0
05wyh,43,LC,JL,LC_JL,2,1,1,205.1,,1
05wyh,43,LC,JL,LC_JL,3,3,1,287.3,,1
05wyh,43,LC,JL,LC_JL,4,5,1,383.8,,0
05wyh,43,LC,JL,LC_JL,5,5,1,475,,0
05wyh,43,LC,JL,LC_JL,6,5,1,560.6,,0
05wyh,43,LC,JL,LC_JL,7,5,1,660.9,,0
05wyh,43,LC,JL,LC_JL,8,5,1,595.9,,1
05wyh,17,LC,TP,LC_TP,1,1,1,121.7,,0
05wyh,17,LC,TP,LC_TP,2,1,1,211.6,,1
05wyh,17,LC,TP,LC_TP,3,2,1,308.1,,0
05wyh,17,LC,TP,LC_TP,4,2,1,339.2,,1
05wyh,17,LC,TP,LC_TP,5,5,1,414,,1
05wyh,17,LC,TP,LC_TP,6,3,1,345.8,,1
05wyh,17,LC,TP,LC_TP,7,4,1,378.1,,1
05wyh,17,LC,TP,LC_TP,8,5,2,467.3,,0
05wyh,17,LC,TP,LC_TP,9,5,2,539.6,,0
05wyh,17,LC,TP,LC_TP,10,5,2,442.5,,0
05wyh,17,LC,TP,LC_TP,11,5,2,601,,1
05wyh,17,LC,TP,LC_TP,12,1,2,228,,0
05wyh,17,LC,TP,LC_TP,13,1,2,177.5,,0
05wyh,19,LC,TP,LC_TP,1,1,1,120.9,,0
05wyh,19,LC,TP,LC_TP,2,1,1,192.3,,0
05wyh,19,LC,TP,LC_TP,3,1,1,278.5,,0
05wyh,19,LC,TP,LC_TP,4,1,1,339.4,,0
05wyh,19,LC,TP,LC_TP,5,1,1,452.9,,1
05wyh,19,LC,TP,LC_TP,6,4,1,543.8,,1
05wyh,19,LC,TP,LC_TP,7,5,1,638.7,,0
05wyh,19,LC,TP,LC_TP,8,5,1,697.7,,1
05wyh,6,LC,ID,LC_ID,1,1,1,144.9,,1
05wyh,6,LC,ID,LC_ID,2,2,1,251.7,,1
05wyh,6,LC,ID,LC_ID,3,5,1,345.5,,1
05wyh,6,LC,ID,LC_ID,4,3,1,300.7,,1
05wyh,6,LC,ID,LC_ID,5,5,2,381.2,,1
05wyh,6,LC,ID,LC_ID,6,4,1,316.4,,1
05wyh,6,LC,ID,LC_ID,7,5,3,360.1,,0
05wyh,6,LC,ID,LC_ID,8,5,3,433.7,,0
05wyh,6,LC,ID,LC_ID,9,5,3,537.1,,0
05wyh,6,LC,ID,LC_ID,10,5,3,597.5,,0
05wyh,6,LC,ID,LC_ID,11,5,3,442.4,,0
05wyh,6,LC,ID,LC_ID,12,5,3,669.9,,1
05wyh,27,LC,TP,LC_TP,1,1,1,127.9,,0
05wyh,27,LC,TP,LC_TP,2,1,1,220.5,,1
05wyh,27,LC,TP,LC_TP,3,4,1,349.6,,1
05wyh,27,LC,TP,LC_TP,4,5,1,443.8,,1
05wyh,27,LC,TP,LC_TP,5,3,1,318.5,,1
05wyh,27,LC,TP,LC_TP,6,5,2,469.5,,0
05wyh,27,LC,TP,LC_TP,7,5,2,556,,0
05wyh,27,LC,TP,LC_TP,8,5,2,629.3,,0
05wyh,27,LC,TP,LC_TP,9,5,2,540.3,,0
05wyh,27,LC,TP,LC_TP,10,5,2,657.4,,1
05wyh,21,LC,TP,LC_TP,1,1,1,124.4,,0
05wyh,21,LC,TP,LC_TP,2,1,1,255.2,,1
05wyh,21,LC,TP,LC_TP,3,2,1,311.7,,1
05wyh,21,LC,TP,LC_TP,4,3,1,345.1,,1
05wyh,21,LC,TP,LC_TP,5,5,1,482.4,,0
05wyh,21,LC,TP,LC_TP,6,5,1,559.4,,0
05wyh,21,LC,TP,LC_TP,7,5,1,646.6,,1
05wyh,21,LC,TP,LC_TP,8,2,2,327.5,,1
05wyh,21,LC,TP,LC_TP,9,1,2,261.7,,1
05wyh,21,LC,TP,LC_TP,10,2,3,314.4,,1
05wyh,62,LC,JH,LC_JH,1,1,1,125.9,,0
05wyh,62,LC,JH,LC_JH,2,1,1,170.2,,0
05wyh,62,LC,JH,LC_JH,3,1,1,268.4,,0
05wyh,62,LC,JH,LC_JH,4,1,1,358.4,,1
05wyh,62,LC,JH,LC_JH,5,2,1,437.5,,1
05wyh,62,LC,JH,LC_JH,6,1,2,370.7,,0
05wyh,62,LC,JH,LC_JH,7,1,2,406.7,,1
05wyh,62,LC,JH,LC_JH,8,3,1,455.6,,1
05wyh,62,LC,JH,LC_JH,9,5,1,546.1,,0
05wyh,62,LC,JH,LC_JH,10,5,1,609.6,,1
05wyh,62,LC,JH,LC_JH,11,1,3,299.1,,0
05wyh,41,LC,JL,LC_JL,1,1,1,136.8,,0
05wyh,41,LC,JL,LC_JL,2,1,1,227.3,,0
05wyh,41,LC,JL,LC_JL,3,1,1,326.9,,1
05wyh,41,LC,JL,LC_JL,4,2,1,417.3,,1
05wyh,41,LC,JL,LC_JL,5,4,1,502.5,,1
05wyh,41,LC,JL,LC_JL,6,1,2,385.9,,1
05wyh,41,LC,JL,LC_JL,7,5,1,511.2,,0
05wyh,41,LC,JL,LC_JL,8,5,1,577.1,,0
05wyh,41,LC,JL,LC_JL,9,5,1,650,,0
05wyh,41,LC,JL,LC_JL,10,5,1,703.2,,1
05wyh,41,LC,JL,LC_JL,11,4,2,495.3,,1
05wyh,41,LC,JL,LC_JL,12,2,2,433.3,,1
05wyh,41,LC,JL,LC_JL,13,5,2,565.8,,0
05wyh,41,LC,JL,LC_JL,14,5,2,689.8,,1
05wyh,9,LC,ID,LC_ID,1,1,1,122,,0
05wyh,9,LC,ID,LC_ID,2,1,1,217,,0
05wyh,9,LC,ID,LC_ID,3,1,1,324.6,,1
05wyh,9,LC,ID,LC_ID,4,2,1,436,,1
05wyh,9,LC,ID,LC_ID,5,5,1,557.9,,0
05wyh,9,LC,ID,LC_ID,6,5,1,662.3,,0
05wyh,9,LC,ID,LC_ID,7,5,1,571,,0
05wyh,9,LC,ID,LC_ID,8,5,1,688.6,,1
05wyh,9,LC,ID,LC_ID,9,1,2,209.6,,0
05wyh,125,HC,JH,HC_JH,1,1,1,133.1,,0
05wyh,125,HC,JH,HC_JH,2,1,1,230.6,,1
05wyh,125,HC,JH,HC_JH,3,2,1,331.6,,1
05wyh,125,HC,JH,HC_JH,4,4,1,376.7,,1
05wyh,125,HC,JH,HC_JH,5,3,1,348.5,,1
05wyh,125,HC,JH,HC_JH,6,5,1,520.7,,0
05wyh,125,HC,JH,HC_JH,7,5,1,623.3,,0
05wyh,125,HC,JH,HC_JH,8,5,1,708.6,,0
05wyh,125,HC,JH,HC_JH,9,5,1,769.9,,0
05wyh,125,HC,JH,HC_JH,10,5,1,608.7,,0
05wyh,125,HC,JH,HC_JH,11,5,1,745.1,,1
05wyh,54,LC,JH,LC_JH,1,1,1,125.2,,0
05wyh,54,LC,JH,LC_JH,2,1,1,218.7,,0
05wyh,54,LC,JH,LC_JH,3,1,1,267.1,,0
05wyh,54,LC,JH,LC_JH,4,1,1,151.5,,0
05wyh,54,LC,JH,LC_JH,5,1,1,161,,0
05wyh,54,LC,JH,LC_JH,6,1,1,227.8,,1
05wyh,54,LC,JH,LC_JH,7,2,1,308.2,,1
05wyh,54,LC,JH,LC_JH,8,4,1,389.1,,1
05wyh,54,LC,JH,LC_JH,9,2,2,319.1,,1
05wyh,54,LC,JH,LC_JH,10,4,2,385.6,,1
05wyh,54,LC,JH,LC_JH,11,5,1,475,,0
05wyh,54,LC,JH,LC_JH,12,5,1,428.4,,0
05wyh,54,LC,JH,LC_JH,13,5,1,557.7,,0
05wyh,54,LC,JH,LC_JH,14,5,1,634.8,,0
05wyh,54,LC,JH,LC_JH,15,5,1,537.9,,0
05wyh,54,LC,JH,LC_JH,16,5,1,684.2,,1
05wyh,54,LC,JH,LC_JH,17,1,2,264.1,,0
05wyh,54,LC,JH,LC_JH,18,1,2,199.3,,0
05wyh,116,HC,JH,HC_JH,1,1,1,134.6,,0
05wyh,116,HC,JH,HC_JH,2,1,1,237.9,,0
05wyh,116,HC,JH,HC_JH,3,1,1,313.4,,0
05wyh,116,HC,JH,HC_JH,4,1,1,383.9,,1
05wyh,116,HC,JH,HC_JH,5,3,1,462.5,,1
05wyh,116,HC,JH,HC_JH,6,5,1,584.1,,0
05wyh,116,HC,JH,HC_JH,7,5,1,660.3,,1
05wyh,116,HC,JH,HC_JH,8,1,2,220.3,,0
05wyh,116,HC,JH,HC_JH,9,1,2,160.8,,0
05wyh,87,HC,TP,HC_TP,1,1,1,131,,0
05wyh,87,HC,TP,HC_TP,2,1,1,211.9,,0
05wyh,87,HC,TP,HC_TP,3,1,1,258.6,,0
05wyh,87,HC,TP,HC_TP,4,1,1,345.9,,1
05wyh,87,HC,TP,HC_TP,5,3,1,419,,1
05wyh,87,HC,TP,HC_TP,6,4,1,459.6,,1
05wyh,87,HC,TP,HC_TP,7,2,1,394,,1
05wyh,87,HC,TP,HC_TP,8,4,2,454.8,,1
05wyh,87,HC,TP,HC_TP,9,5,1,552,,0
05wyh,87,HC,TP,HC_TP,10,5,1,628.2,,1
05wyh,87,HC,TP,HC_TP,11,1,2,266.8,,0
05wyh,87,HC,TP,HC_TP,12,1,2,191.4,,0
05wyh,60,LC,JH,LC_JH,1,1,1,119.9,,0
05wyh,60,LC,JH,LC_JH,2,1,1,206.3,,0
05wyh,60,LC,JH,LC_JH,3,1,1,216.5,,0
05wyh,60,LC,JH,LC_JH,4,1,1,272.5,,0
05wyh,60,LC,JH,LC_JH,5,1,1,343.1,,1
05wyh,60,LC,JH,LC_JH,6,3,1,453.6,,1
05wyh,60,LC,JH,LC_JH,7,5,1,524.8,,0
05wyh,60,LC,JH,LC_JH,8,5,1,551.4,,0
05wyh,60,LC,JH,LC_JH,9,5,1,649.2,,1
05wyh,60,LC,JH,LC_JH,10,1,2,313.8,,0
05wyh,60,LC,JH,LC_JH,11,1,2,233.6,,0
05wyh,3,LC,ID,LC_ID,1,1,1,121.6,,0
05wyh,3,LC,ID,LC_ID,2,1,1,205.2,,0
05wyh,3,LC,ID,LC_ID,3,1,1,299,,0
05wyh,3,LC,ID,LC_ID,4,1,1,379.3,,1
05wyh,3,LC,ID,LC_ID,5,2,1,450.5,,1
05wyh,3,LC,ID,LC_ID,6,4,1,532.9,,1
05wyh,3,LC,ID,LC_ID,7,5,1,641.6,,1
05wyh,3,LC,ID,LC_ID,8,1,2,229,,0
05wyh,26,LC,TP,LC_TP,1,1,1,131.9,,0
05wyh,26,LC,TP,LC_TP,2,1,1,230.3,,0
05wyh,26,LC,TP,LC_TP,3,1,1,308.3,,1
05wyh,26,LC,TP,LC_TP,4,2,1,380.8,,1
05wyh,26,LC,TP,LC_TP,5,3,1,429.1,,1
05wyh,26,LC,TP,LC_TP,6,4,1,450.4,,1
05wyh,26,LC,TP,LC_TP,7,2,2,403.9,,1
05wyh,26,LC,TP,LC_TP,8,5,1,486.7,,0
05wyh,26,LC,TP,LC_TP,9,5,1,536.1,,0
05wyh,26,LC,TP,LC_TP,10,5,1,654.6,,1
05wyh,69,HC,ID,HC_ID,1,1,1,179.2,,0
05wyh,69,HC,ID,HC_ID,2,1,1,280.3,,0
05wyh,69,HC,ID,HC_ID,3,1,1,217.3,,0
05wyh,69,HC,ID,HC_ID,4,1,1,292,,1
05wyh,69,HC,ID,HC_ID,5,4,1,383.1,,1
05wyh,69,HC,ID,HC_ID,6,5,1,472.6,,0
05wyh,69,HC,ID,HC_ID,7,5,1,552.4,,0
05wyh,69,HC,ID,HC_ID,8,5,1,615.8,,0
05wyh,69,HC,ID,HC_ID,9,5,1,676.1,,1
05wyh,69,HC,ID,HC_ID,10,1,2,202.7,,0
05wyh,61,LC,JH,LC_JH,1,1,1,132.3,,0
05wyh,61,LC,JH,LC_JH,2,1,1,223.3,,0
05wyh,61,LC,JH,LC_JH,3,1,1,294.1,,0
05wyh,61,LC,JH,LC_JH,4,1,1,376.3,,0
05wyh,61,LC,JH,LC_JH,5,1,1,308.4,,0
05wyh,61,LC,JH,LC_JH,6,1,1,332.9,,0
05wyh,61,LC,JH,LC_JH,7,1,1,391.9,,1
05wyh,61,LC,JH,LC_JH,8,3,1,463,,1
05wyh,61,LC,JH,LC_JH,9,2,1,440.8,,1
05wyh,61,LC,JH,LC_JH,10,4,1,476.3,,1
05wyh,61,LC,JH,LC_JH,11,5,1,578.1,,0
05wyh,61,LC,JH,LC_JH,12,5,1,645.9,,0
05wyh,61,LC,JH,LC_JH,13,5,1,690.7,,1
05wyh,123,HC,JH,HC_JH,1,1,1,129.6,,0
05wyh,123,HC,JH,HC_JH,2,1,1,268.6,,0
05wyh,123,HC,JH,HC_JH,3,1,1,357.2,,0
05wyh,123,HC,JH,HC_JH,4,1,1,308,,0
05wyh,123,HC,JH,HC_JH,5,1,1,269.9,,0
05wyh,123,HC,JH,HC_JH,6,1,1,339.9,,0
05wyh,123,HC,JH,HC_JH,7,1,1,430.5,,1
05wyh,123,HC,JH,HC_JH,8,4,1,507.6,,1
05wyh,123,HC,JH,HC_JH,9,2,1,465.3,,1
05wyh,123,HC,JH,HC_JH,10,5,1,640,,0
05wyh,123,HC,JH,HC_JH,11,5,1,583.8,,0
05wyh,123,HC,JH,HC_JH,12,5,1,681.2,,1
05wyh,123,HC,JH,HC_JH,13,1,2,177.3,,0
05wyh,97,HC,JL,HC_JL,1,1,1,109.5,,0
05wyh,97,HC,JL,HC_JL,2,1,1,212.8,,0
05wyh,97,HC,JL,HC_JL,3,1,1,270.3,,1
05wyh,97,HC,JL,HC_JL,4,2,1,352.4,,0
05wyh,97,HC,JL,HC_JL,5,2,1,365,,0
05wyh,97,HC,JL,HC_JL,6,2,1,356.5,,1
05wyh,97,HC,JL,HC_JL,7,4,1,428.1,,1
05wyh,97,HC,JL,HC_JL,8,2,2,365.4,,1
05wyh,97,HC,JL,HC_JL,9,5,1,460.7,,0
05wyh,97,HC,JL,HC_JL,10,5,1,563.7,,0
05wyh,97,HC,JL,HC_JL,11,5,1,624.9,,0
05wyh,97,HC,JL,HC_JL,12,5,1,668.3,,0
05wyh,97,HC,JL,HC_JL,13,5,1,543.3,,0
05wyh,97,HC,JL,HC_JL,14,5,1,613.8,,0
05wyh,97,HC,JL,HC_JL,15,5,1,660.4,,1
05wyh,103,HC,JL,HC_JL,1,1,1,122.4,,0
05wyh,103,HC,JL,HC_JL,2,1,1,224.5,,0
05wyh,103,HC,JL,HC_JL,3,1,1,348,,0
05wyh,103,HC,JL,HC_JL,4,1,1,417.4,,0
05wyh,103,HC,JL,HC_JL,5,1,1,264.6,,0
05wyh,103,HC,JL,HC_JL,6,1,1,366.2,,1
05wyh,103,HC,JL,HC_JL,7,2,1,481.6,,1
05wyh,103,HC,JL,HC_JL,8,5,1,585.4,,1
05wyh,103,HC,JL,HC_JL,9,3,1,529.3,,1
05wyh,103,HC,JL,HC_JL,10,5,2,698.3,,1
05wyh,2,LC,ID,LC_ID,1,1,1,116.2,,0
05wyh,2,LC,ID,LC_ID,2,1,1,244.8,,0
05wyh,2,LC,ID,LC_ID,3,1,1,209.8,,0
05wyh,2,LC,ID,LC_ID,4,1,1,276.4,,0
05wyh,2,LC,ID,LC_ID,5,1,1,365.5,,1
05wyh,2,LC,ID,LC_ID,6,3,1,441.3,,1
05wyh,2,LC,ID,LC_ID,7,5,1,511.9,,0
05wyh,2,LC,ID,LC_ID,8,5,1,552.3,,1
05wyh,2,LC,ID,LC_ID,9,2,1,433.6,,1
05wyh,2,LC,ID,LC_ID,10,5,2,528.9,,0
05wyh,2,LC,ID,LC_ID,11,5,2,600.2,,1
05wyh,2,LC,ID,LC_ID,12,4,1,486.9,,1
05wyh,2,LC,ID,LC_ID,13,5,3,636.5,,1
05wyh,82,HC,TP,HC_TP,1,1,1,128,,0
05wyh,82,HC,TP,HC_TP,2,1,1,224.1,,1
05wyh,82,HC,TP,HC_TP,3,3,1,377.9,,1
05wyh,82,HC,TP,HC_TP,4,1,2,299.8,,1
05wyh,82,HC,TP,HC_TP,5,3,2,382.7,,1
05wyh,82,HC,TP,HC_TP,6,5,1,553.1,,0
05wyh,82,HC,TP,HC_TP,7,5,1,443.3,,0
05wyh,82,HC,TP,HC_TP,8,5,1,676,,0
05wyh,82,HC,TP,HC_TP,9,5,1,729.7,,1
05wyh,82,HC,TP,HC_TP,10,1,3,251.9,,0
05wyh,82,HC,TP,HC_TP,11,1,3,206.1,,0
05wyh,82,HC,TP,HC_TP,12,1,3,321.6,,1
05wyh,82,HC,TP,HC_TP,13,5,2,457,,1
05wyh,22,LC,TP,LC_TP,1,1,1,117.2,,0
05wyh,22,LC,TP,LC_TP,2,1,1,236.9,,1
05wyh,22,LC,TP,LC_TP,3,2,1,325,,1
05wyh,22,LC,TP,LC_TP,4,3,1,359.8,,1
05wyh,22,LC,TP,LC_TP,5,5,1,456.9,,0
05wyh,22,LC,TP,LC_TP,6,5,1,545.1,,0
05wyh,22,LC,TP,LC_TP,7,5,1,612,,0
05wyh,22,LC,TP,LC_TP,8,5,1,647.3,,1
05wyh,22,LC,TP,LC_TP,9,1,2,243.3,,0
05wyh,112,HC,JL,HC_JL,1,1,1,117.5,,0
05wyh,112,HC,JL,HC_JL,2,1,1,214.5,,0
05wyh,112,HC,JL,HC_JL,3,1,1,264.3,,1
05wyh,112,HC,JL,HC_JL,4,2,1,334.3,,1
05wyh,112,HC,JL,HC_JL,5,1,2,251.3,,1
05wyh,112,HC,JL,HC_JL,6,3,1,341.3,,1
05wyh,112,HC,JL,HC_JL,7,4,1,383.5,,1
05wyh,112,HC,JL,HC_JL,8,5,1,493.3,,0
05wyh,112,HC,JL,HC_JL,9,5,1,560.1,,0
05wyh,112,HC,JL,HC_JL,10,5,1,661.6,,1
05wyh,92,HC,TP,HC_TP,1,1,1,110.3,,0
05wyh,92,HC,TP,HC_TP,2,1,1,196.3,,0
05wyh,92,HC,TP,HC_TP,3,1,1,263.9,,1
05wyh,92,HC,TP,HC_TP,4,3,1,347.5,,1
05wyh,92,HC,TP,HC_TP,5,4,1,404.1,,1
05wyh,92,HC,TP,HC_TP,6,5,1,475.6,,0
05wyh,92,HC,TP,HC_TP,7,5,1,519.3,,0
05wyh,92,HC,TP,HC_TP,8,5,1,594.5,,0
05wyh,92,HC,TP,HC_TP,9,5,1,570.1,,0
05wyh,92,HC,TP,HC_TP,10,5,1,700.4,,0
05wyh,92,HC,TP,HC_TP,11,5,1,752.5,,1
05wyh,92,HC,TP,HC_TP,12,1,2,227.4,,0
05wyh,71,HC,ID,HC_ID,1,1,1,176.2,,0
05wyh,71,HC,ID,HC_ID,2,1,1,266,,0
05wyh,71,HC,ID,HC_ID,3,1,1,242.3,,0
05wyh,71,HC,ID,HC_ID,4,1,1,324.8,,0
05wyh,71,HC,ID,HC_ID,5,1,1,420.9,,1
05wyh,71,HC,ID,HC_ID,6,3,1,494.7,,1
05wyh,71,HC,ID,HC_ID,7,5,1,576.8,,0
05wyh,71,HC,ID,HC_ID,8,5,1,620.9,,1
05wyh,67,HC,ID,HC_ID,1,1,1,121.9,,0
05wyh,67,HC,ID,HC_ID,2,1,1,227.4,,0
05wyh,67,HC,ID,HC_ID,3,1,1,193,,0
05wyh,67,HC,ID,HC_ID,4,1,1,305.3,,1
05wyh,67,HC,ID,HC_ID,5,2,1,372.3,,1
05wyh,67,HC,ID,HC_ID,6,4,1,425.4,,1
05wyh,67,HC,ID,HC_ID,7,5,1,538.3,,0
05wyh,67,HC,ID,HC_ID,8,5,1,604.4,,0
05wyh,67,HC,ID,HC_ID,9,5,1,650.5,,0
05wyh,67,HC,ID,HC_ID,10,5,1,709.1,,1
05wyh,67,HC,ID,HC_ID,11,1,2,299.6,,0
05wyh,67,HC,ID,HC_ID,12,1,2,218.8,,0
05wyh,81,HC,TP,HC_TP,1,1,1,125.1,,0
05wyh,81,HC,TP,HC_TP,2,1,1,215.1,,0
05wyh,81,HC,TP,HC_TP,3,1,1,300.8,,0
05wyh,81,HC,TP,HC_TP,4,1,1,357.3,,1
05wyh,81,HC,TP,HC_TP,5,3,1,425,,1
05wyh,81,HC,TP,HC_TP,6,5,1,538.1,,0
05wyh,81,HC,TP,HC_TP,7,5,1,608.1,,0
05wyh,81,HC,TP,HC_TP,8,5,1,647.8,,1
05wyh,81,HC,TP,HC_TP,9,1,2,229.2,,0
05wyh,94,HC,TP,HC_TP,1,1,1,120.3,,0
05wyh,94,HC,TP,HC_TP,2,1,1,197.6,,0
05wyh,94,HC,TP,HC_TP,3,1,1,271.1,,0
05wyh,94,HC,TP,HC_TP,4,1,1,335.7,,1
05wyh,94,HC,TP,HC_TP,5,2,1,414.3,,1
05wyh,94,HC,TP,HC_TP,6,1,2,342.3,,0
05wyh,94,HC,TP,HC_TP,7,1,2,395.7,,1
05wyh,94,HC,TP,HC_TP,8,3,1,469.3,,1
05wyh,94,HC,TP,HC_TP,9,2,2,436.8,,1
05wyh,94,HC,TP,HC_TP,10,4,1,477.5,,1
05wyh,94,HC,TP,HC_TP,11,5,1,525,,0
05wyh,94,HC,TP,HC_TP,12,5,1,617.8,,1
05wyh,94,HC,TP,HC_TP,13,1,3,209.5,,0
05wyh,49,LC,JH,LC_JH,1,1,1,139.9,,0
05wyh,49,LC,JH,LC_JH,2,1,1,223.6,,0
05wyh,49,LC,JH,LC_JH,3,1,1,298,,0
05wyh,49,LC,JH,LC_JH,4,1,1,371.8,,1
05wyh,49,LC,JH,LC_JH,5,2,1,455.2,,1
05wyh,49,LC,JH,LC_JH,6,4,1,523.7,,1
05wyh,49,LC,JH,LC_JH,7,3,1,494.3,,1
05wyh,49,LC,JH,LC_JH,8,5,1,627.2,,1
05wyh,91,HC,TP,HC_TP,1,1,1,129.7,,0
05wyh,91,HC,TP,HC_TP,2,1,1,216.5,,0
05wyh,91,HC,TP,HC_TP,3,1,1,262.3,,0
05wyh,91,HC,TP,HC_TP,4,1,1,345.8,,0
05wyh,91,HC,TP,HC_TP,5,1,1,411.9,,1
05wyh,91,HC,TP,HC_TP,6,2,1,494.5,,1
05wyh,91,HC,TP,HC_TP,7,5,1,593.7,,1
05wyh,91,HC,TP,HC_TP,8,2,2,495.7,,1
05wyh,91,HC,TP,HC_TP,9,4,1,556.5,,1
05wyh,91,HC,TP,HC_TP,10,5,2,679.8,,1
05wyh,91,HC,TP,HC_TP,11,1,2,206.2,,0
05wyh,91,HC,TP,HC_TP,12,1,2,272,,0
05wyh,95,HC,TP,HC_TP,1,1,1,185.2,,0
05wyh,95,HC,TP,HC_TP,2,1,1,257.1,,1
05wyh,95,HC,TP,HC_TP,3,3,1,325.7,,1
05wyh,95,HC,TP,HC_TP,4,5,1,434.1,,0
05wyh,95,HC,TP,HC_TP,5,5,1,536.4,,0
05wyh,95,HC,TP,HC_TP,6,5,1,595.2,,0
05wyh,95,HC,TP,HC_TP,7,5,1,662.7,,1
05wyh,95,HC,TP,HC_TP,8,1,2,243.7,,0
05wyh,122,HC,JH,HC_JH,1,1,1,123.8,,0
05wyh,122,HC,JH,HC_JH,2,1,1,202.7,,0
05wyh,122,HC,JH,HC_JH,3,1,1,285,,0
05wyh,122,HC,JH,HC_JH,4,1,1,343.85,,0
05wyh,122,HC,JH,HC_JH,5,1,1,371.7,,0
05wyh,122,HC,JH,HC_JH,6,1,1,467.7,,1
05wyh,122,HC,JH,HC_JH,7,3,1,539.1,,1
05wyh,122,HC,JH,HC_JH,8,5,1,642,,0
05wyh,122,HC,JH,HC_JH,9,5,1,694.8,,1
05wyh,122,HC,JH,HC_JH,10,1,2,207.2,,0
05wyh,34,LC,JL,LC_JL,1,1,1,119.6,,0
05wyh,34,LC,JL,LC_JL,2,1,1,195.6,,0
05wyh,34,LC,JL,LC_JL,3,1,1,244.1,,0
05wyh,34,LC,JL,LC_JL,4,1,1,340.3,,1
05wyh,34,LC,JL,LC_JL,5,3,1,403.6,,0
05wyh,34,LC,JL,LC_JL,6,3,1,386.8,,1
05wyh,34,LC,JL,LC_JL,7,5,1,455.5,,0
05wyh,34,LC,JL,LC_JL,8,5,1,571,,0
05wyh,34,LC,JL,LC_JL,9,5,1,608.2,,0
05wyh,34,LC,JL,LC_JL,10,5,1,706.6,,1
05wyh,34,LC,JL,LC_JL,11,1,2,205.8,,0
05wyh,53,LC,JH,LC_JH,1,1,1,135.2,,0
05wyh,53,LC,JH,LC_JH,2,1,1,215.4,,0
05wyh,53,LC,JH,LC_JH,3,1,1,352,,1
05wyh,53,LC,JH,LC_JH,4,3,1,454.6,,1
05wyh,53,LC,JH,LC_JH,5,5,1,516.7,,0
05wyh,53,LC,JH,LC_JH,6,5,1,613.6,,0
05wyh,53,LC,JH,LC_JH,7,5,1,632.7,,0
05wyh,53,LC,JH,LC_JH,8,5,1,539.2,,0
05wyh,53,LC,JH,LC_JH,9,5,1,649.5,,1
05wyh,53,LC,JH,LC_JH,10,1,2,194.8,,0
05wyh,124,HC,JH,HC_JH,1,1,1,124.6,,0
05wyh,124,HC,JH,HC_JH,2,1,1,211.2,,1
05wyh,124,HC,JH,HC_JH,3,2,1,284.1,,1
05wyh,124,HC,JH,HC_JH,4,3,1,328.7,,0
05wyh,124,HC,JH,HC_JH,5,3,1,328.1,,1
05wyh,124,HC,JH,HC_JH,6,5,1,433.4,,0
05wyh,124,HC,JH,HC_JH,7,5,1,524.9,,0
05wyh,124,HC,JH,HC_JH,8,5,1,593,,0
05wyh,124,HC,JH,HC_JH,9,5,1,696.1,,0
05wyh,124,HC,JH,HC_JH,10,5,1,732,,0
05wyh,124,HC,JH,HC_JH,11,5,1,604.2,,1
05wyh,124,HC,JH,HC_JH,12,1,2,193.6,,1
05wyh,124,HC,JH,HC_JH,13,2,2,294.3,,1
05wyh,83,HC,TP,HC_TP,1,1,1,122.7,,0
05wyh,83,HC,TP,HC_TP,2,1,1,200,,0
05wyh,83,HC,TP,HC_TP,3,1,1,282.8,,0
05wyh,83,HC,TP,HC_TP,4,1,1,190.5,,0
05wyh,83,HC,TP,HC_TP,5,1,1,319.2,,0
05wyh,83,HC,TP,HC_TP,6,1,1,406.3,,1
05wyh,83,HC,TP,HC_TP,7,2,1,490,,1
05wyh,83,HC,TP,HC_TP,8,1,2,401.6,,0
05wyh,83,HC,TP,HC_TP,9,1,2,448.9,,1
05wyh,83,HC,TP,HC_TP,10,3,1,529.6,,1
05wyh,83,HC,TP,HC_TP,11,5,1,672.2,,0
05wyh,83,HC,TP,HC_TP,12,5,1,722.3,,1
05wyh,65,HC,ID,HC_ID,1,1,1,123,,0
05wyh,65,HC,ID,HC_ID,2,1,1,225.4,,0
05wyh,65,HC,ID,HC_ID,3,1,1,297.7,,0
05wyh,65,HC,ID,HC_ID,4,1,1,353.2,,0
05wyh,65,HC,ID,HC_ID,5,1,1,414.9,,1
05wyh,65,HC,ID,HC_ID,6,2,1,521.2,,1
05wyh,65,HC,ID,HC_ID,7,3,1,568.6,,1
05wyh,65,HC,ID,HC_ID,8,5,1,682.8,,1
05wyh,65,HC,ID,HC_ID,9,1,2,219.5,,0
05wyh,89,HC,TP,HC_TP,1,1,1,120.1,,0
05wyh,89,HC,TP,HC_TP,2,1,1,202.8,,0
05wyh,89,HC,TP,HC_TP,3,1,1,278.9,,0
05wyh,89,HC,TP,HC_TP,4,1,1,351.3,,1
05wyh,89,HC,TP,HC_TP,5,2,1,420.2,,1
05wyh,89,HC,TP,HC_TP,6,4,1,502.9,,1
05wyh,89,HC,TP,HC_TP,7,5,1,598.5,,0
05wyh,89,HC,TP,HC_TP,8,5,1,662.5,,1
05wyh,89,HC,TP,HC_TP,9,2,2,417.9,,1
05wyh,84,HC,TP,HC_TP,1,1,1,122.6,,0
05wyh,84,HC,TP,HC_TP,2,1,1,235.2,,1
05wyh,84,HC,TP,HC_TP,3,2,1,289.7,,0
05wyh,84,HC,TP,HC_TP,4,2,1,303.4,,0
05wyh,84,HC,TP,HC_TP,5,2,1,275.2,,1
05wyh,84,HC,TP,HC_TP,6,3,1,330.4,,1
05wyh,84,HC,TP,HC_TP,7,5,1,381.8,,0
05wyh,84,HC,TP,HC_TP,8,5,1,520.3,,0
05wyh,84,HC,TP,HC_TP,9,5,1,574,,0
05wyh,84,HC,TP,HC_TP,10,5,1,484.2,,0
05wyh,84,HC,TP,HC_TP,11,5,1,583.5,,0
05wyh,84,HC,TP,HC_TP,12,5,1,670.9,,0
05wyh,84,HC,TP,HC_TP,13,5,1,695.3,,1
05wyh,84,HC,TP,HC_TP,14,1,2,207.6,,0
05wyh,99,HC,JL,HC_JL,1,1,1,116.7,,0
05wyh,99,HC,JL,HC_JL,2,1,1,183.4,,0
05wyh,99,HC,JL,HC_JL,3,1,1,262.8,,1
05wyh,99,HC,JL,HC_JL,4,4,1,344.8,,1
05wyh,99,HC,JL,HC_JL,5,3,1,310.4,,1
05wyh,99,HC,JL,HC_JL,6,4,2,359.2,,1
05wyh,99,HC,JL,HC_JL,7,5,1,444.5,,0
05wyh,99,HC,JL,HC_JL,8,5,1,487.6,,0
05wyh,99,HC,JL,HC_JL,9,5,1,547.8,,0
05wyh,99,HC,JL,HC_JL,10,5,1,610,,0
05wyh,99,HC,JL,HC_JL,11,5,1,539.9,,0
05wyh,99,HC,JL,HC_JL,12,5,1,625.8,,0
05wyh,99,HC,JL,HC_JL,13,5,1,705.7,,1
05wyh,99,HC,JL,HC_JL,14,1,2,207.9,,1
05wyh,99,HC,JL,HC_JL,15,2,1,296.8,,1
05wyh,66,HC,ID,HC_ID,1,1,1,102.9,,0
05wyh,66,HC,ID,HC_ID,2,1,1,197.4,,1
05wyh,66,HC,ID,HC_ID,3,2,1,262.3,,1
05wyh,66,HC,ID,HC_ID,4,4,1,337.2,,1
05wyh,66,HC,ID,HC_ID,5,5,1,414.1,,0
05wyh,66,HC,ID,HC_ID,6,5,1,513.2,,0
05wyh,66,HC,ID,HC_ID,7,5,1,620,,0
05wyh,66,HC,ID,HC_ID,8,5,1,690.9,,1
05wyh,25,LC,TP,LC_TP,1,1,1,119.2,,0
05wyh,25,LC,TP,LC_TP,2,1,1,215,,0
05wyh,25,LC,TP,LC_TP,3,1,1,178.2,,0
05wyh,25,LC,TP,LC_TP,4,1,1,268,,1
05wyh,25,LC,TP,LC_TP,5,4,1,343.4,,1
05wyh,25,LC,TP,LC_TP,6,5,1,421.2,,0
05wyh,25,LC,TP,LC_TP,7,5,1,461.5,,0
05wyh,25,LC,TP,LC_TP,8,5,1,598,,0
05wyh,25,LC,TP,LC_TP,9,5,1,644,,1
05wyh,25,LC,TP,LC_TP,10,3,1,316.5,,1
05wyh,25,LC,TP,LC_TP,11,1,2,231.6,,0
05wyh,11,LC,ID,LC_ID,1,1,1,123.4,,0
05wyh,11,LC,ID,LC_ID,2,1,1,214.6,,0
05wyh,11,LC,ID,LC_ID,3,1,1,294.6,,0
05wyh,11,LC,ID,LC_ID,4,1,1,384.1,,0
05wyh,11,LC,ID,LC_ID,5,1,1,482.4,,1
05wyh,11,LC,ID,LC_ID,6,3,1,550.5,,1
05wyh,11,LC,ID,LC_ID,7,1,2,376.7,,0
05wyh,11,LC,ID,LC_ID,8,1,2,448.4,,1
05wyh,11,LC,ID,LC_ID,9,3,2,574.2,,1
05wyh,11,LC,ID,LC_ID,10,5,1,699.7,,0
05wyh,11,LC,ID,LC_ID,11,5,1,751.7,,1
05wyh,33,LC,JL,LC_JL,1,1,1,128.2,,0
05wyh,33,LC,JL,LC_JL,2,1,1,224,,0
05wyh,33,LC,JL,LC_JL,3,1,1,317.9,,1
05wyh,33,LC,JL,LC_JL,4,3,1,379.8,,1
05wyh,33,LC,JL,LC_JL,5,5,1,479.7,,1
05wyh,33,LC,JL,LC_JL,6,3,2,391.2,,1
05wyh,33,LC,JL,LC_JL,7,5,2,463.6,,0
05wyh,33,LC,JL,LC_JL,8,5,2,516.3,,0
05wyh,33,LC,JL,LC_JL,9,5,2,569.7,,0
05wyh,33,LC,JL,LC_JL,10,5,2,632.3,,1
05wyh,33,LC,JL,LC_JL,11,1,2,229.3,,0
06wh,3,LC,ID,LC_ID,1,1,1,118.6,,0
06wh,3,LC,ID,LC_ID,2,1,1,208.8,,0
06wh,3,LC,ID,LC_ID,3,1,1,311.3,,0
06wh,3,LC,ID,LC_ID,4,1,1,413.5,,1
06wh,3,LC,ID,LC_ID,5,2,1,456.3,,1
06wh,124,HC,JH,HC_JH,1,1,1,124.9,,0
06wh,124,HC,JH,HC_JH,2,1,1,205.2,,1
06wh,124,HC,JH,HC_JH,3,2,1,298.4,,1
06wh,124,HC,JH,HC_JH,4,5,1,493,,0
06wh,124,HC,JH,HC_JH,5,5,1,545.4,,0
06wh,124,HC,JH,HC_JH,6,5,1,681.4,,1
06wh,116,HC,JH,HC_JH,1,1,1,268.1,,0
06wh,116,HC,JH,HC_JH,2,1,1,290.2,,0
06wh,116,HC,JH,HC_JH,3,1,1,335.7,,1
06wh,116,HC,JH,HC_JH,4,4,1,477.4,,1
06wh,116,HC,JH,HC_JH,5,5,1,605.3,,0
06wh,116,HC,JH,HC_JH,6,5,1,663.7,,1
06wh,55,LC,JH,LC_JH,1,1,1,133,,0
06wh,55,LC,JH,LC_JH,2,1,1,181.8,,1
06wh,55,LC,JH,LC_JH,3,3,1,372.3,,1
06wh,58,LC,JH,LC_JH,1,1,1,200.2,,0
06wh,58,LC,JH,LC_JH,2,1,1,268.3,,1
06wh,58,LC,JH,LC_JH,3,5,1,470,,1
06wh,58,LC,JH,LC_JH,4,3,1,389.9,,1
06wh,58,LC,JH,LC_JH,5,5,2,575.4,,0
06wh,58,LC,JH,LC_JH,6,5,2,478.5,,1
06wh,13,LC,ID,LC_ID,1,1,1,127.2,,0
06wh,13,LC,ID,LC_ID,2,1,1,223.8,,1
06wh,13,LC,ID,LC_ID,3,2,1,397.9,,1
06wh,13,LC,ID,LC_ID,4,5,1,506.4,,0
06wh,13,LC,ID,LC_ID,5,5,1,605.5,,0
06wh,13,LC,ID,LC_ID,6,5,1,636.4,,1
06wh,10,LC,ID,LC_ID,1,1,1,120.9,,0
06wh,10,LC,ID,LC_ID,2,1,1,254.4,,0
06wh,10,LC,ID,LC_ID,3,1,1,402.4,,1
06wh,10,LC,ID,LC_ID,4,5,1,570.4,,1
06wh,10,LC,ID,LC_ID,5,2,1,440.6,,1
06wh,91,HC,TP,HC_TP,1,1,1,150.5,,0
06wh,91,HC,TP,HC_TP,2,1,1,402.5,,0
06wh,91,HC,TP,HC_TP,3,1,1,315.3,,1
06wh,91,HC,TP,HC_TP,4,4,1,553.9,,1
06wh,76,HC,ID,HC_ID,1,1,1,127.7,,0
06wh,76,HC,ID,HC_ID,2,1,1,238.7,,1
06wh,76,HC,ID,HC_ID,3,3,1,309.4,,1
06wh,76,HC,ID,HC_ID,4,5,1,445.1,,0
06wh,76,HC,ID,HC_ID,5,5,1,473.8,,0
06wh,76,HC,ID,HC_ID,6,5,1,581.7,,1
06wh,7,LC,ID,LC_ID,1,1,1,134.4,,0
06wh,7,LC,ID,LC_ID,2,1,1,190,,0
06wh,7,LC,ID,LC_ID,3,1,1,301.5,,1
06wh,7,LC,ID,LC_ID,4,5,1,570.4,,0
06wh,7,LC,ID,LC_ID,5,5,1,626.5,,1
06wh,7,LC,ID,LC_ID,6,3,1,476.7,,1
06wh,105,HC,JL,HC_JL,1,1,1,127.5,,0
06wh,105,HC,JL,HC_JL,2,1,1,224.1,,1
06wh,105,HC,JL,HC_JL,3,5,1,360.3,,0
06wh,105,HC,JL,HC_JL,4,5,1,410.6,,0
06wh,105,HC,JL,HC_JL,5,5,1,580.6,,1
06wh,19,LC,TP,LC_TP,1,1,1,128.2,,0
06wh,19,LC,TP,LC_TP,2,1,1,163.4,,0
06wh,19,LC,TP,LC_TP,3,1,1,214.8,,0
06wh,19,LC,TP,LC_TP,4,1,1,290.7,,0
06wh,19,LC,TP,LC_TP,5,1,1,335.9,,0
06wh,19,LC,TP,LC_TP,6,1,1,468.7,,1
06wh,19,LC,TP,LC_TP,7,2,1,506.6,,1
06wh,19,LC,TP,LC_TP,8,4,1,572.7,,1
06wh,19,LC,TP,LC_TP,9,1,2,317.5,,0
06wh,106,HC,JL,HC_JL,1,1,1,121.1,,0
06wh,106,HC,JL,HC_JL,2,1,1,219.3,,1
06wh,106,HC,JL,HC_JL,3,3,1,354.3,,1
06wh,106,HC,JL,HC_JL,4,5,1,483.9,,0
06wh,106,HC,JL,HC_JL,5,5,1,579.6,,0
06wh,106,HC,JL,HC_JL,6,5,1,616.9,,1
06wh,61,LC,JH,LC_JH,1,1,1,123.4,,0
06wh,61,LC,JH,LC_JH,2,1,1,204.5,,0
06wh,61,LC,JH,LC_JH,3,1,1,384.2,,1
06wh,61,LC,JH,LC_JH,4,3,1,460.2,,1
06wh,61,LC,JH,LC_JH,5,5,1,626,,1
06wh,16,LC,ID,LC_ID,1,1,1,122.3,,0
06wh,16,LC,ID,LC_ID,2,1,1,259.8,,1
06wh,16,LC,ID,LC_ID,3,5,1,384.4,,0
06wh,16,LC,ID,LC_ID,4,5,1,508.3,,0
06wh,16,LC,ID,LC_ID,5,5,1,608.7,,1
06wh,81,HC,TP,HC_TP,1,1,1,129.6,,0
06wh,81,HC,TP,HC_TP,2,1,1,241.3,,1
06wh,81,HC,TP,HC_TP,3,3,1,408.2,,1
06wh,81,HC,TP,HC_TP,4,5,1,492.9,,0
06wh,81,HC,TP,HC_TP,5,5,1,606.8,,1
06wh,70,HC,ID,HC_ID,1,1,1,120.4,,0
06wh,70,HC,ID,HC_ID,2,1,1,239.2,,1
06wh,70,HC,ID,HC_ID,3,3,1,329.5,,1
06wh,70,HC,ID,HC_ID,4,5,1,405.9,,0
06wh,70,HC,ID,HC_ID,5,5,1,448.7,,0
06wh,70,HC,ID,HC_ID,6,5,1,571.1,,1
06wh,70,HC,ID,HC_ID,7,3,2,332.6,,1
06wh,123,HC,JH,HC_JH,1,1,1,121.8,,0
06wh,123,HC,JH,HC_JH,2,1,1,203.1,,0
06wh,123,HC,JH,HC_JH,3,1,1,371.9,,1
06wh,123,HC,JH,HC_JH,4,2,1,460.2,,1
06wh,123,HC,JH,HC_JH,5,3,1,502.7,,1
06wh,117,HC,JH,HC_JH,1,1,1,130.8,,0
06wh,117,HC,JH,HC_JH,2,1,1,282.1,,0
06wh,117,HC,JH,HC_JH,3,1,1,354,,1
06wh,117,HC,JH,HC_JH,4,3,1,486,,1
06wh,121,HC,JH,HC_JH,1,1,1,150.35,,0
06wh,121,HC,JH,HC_JH,2,1,1,274.2,,0
06wh,121,HC,JH,HC_JH,3,1,1,348.5,,1
06wh,121,HC,JH,HC_JH,4,3,1,469.4,,1
06wh,121,HC,JH,HC_JH,5,5,1,610.6,,1
06wh,79,HC,ID,HC_ID,1,1,1,124.4,,1
06wh,79,HC,ID,HC_ID,2,2,1,265.6,,1
06wh,79,HC,ID,HC_ID,3,4,1,322.7,,1
06wh,79,HC,ID,HC_ID,4,5,1,396,,0
06wh,79,HC,ID,HC_ID,5,5,1,572.7,,1
06wh,40,LC,JL,LC_JL,1,1,1,112,,0
06wh,40,LC,JL,LC_JL,2,1,1,180.7,,0
06wh,40,LC,JL,LC_JL,3,1,1,364.5,,1
06wh,40,LC,JL,LC_JL,4,2,1,438.8,,1
06wh,83,HC,TP,HC_TP,1,1,1,189,,0
06wh,83,HC,TP,HC_TP,2,1,1,324.2,,0
06wh,83,HC,TP,HC_TP,3,1,1,350.4,,0
06wh,83,HC,TP,HC_TP,4,1,1,245.7,,0
06wh,83,HC,TP,HC_TP,5,1,1,466.7,,1
06wh,83,HC,TP,HC_TP,6,3,1,523.2,,1
06wh,83,HC,TP,HC_TP,7,4,1,563,,1
06wh,83,HC,TP,HC_TP,8,5,1,627.5,,1
06wh,89,HC,TP,HC_TP,1,1,1,122.2,,0
06wh,89,HC,TP,HC_TP,2,1,1,190.3,,0
06wh,89,HC,TP,HC_TP,3,1,1,279.4,,1
06wh,89,HC,TP,HC_TP,4,3,1,446.9,,0
06wh,89,HC,TP,HC_TP,5,3,1,464,,1
06wh,89,HC,TP,HC_TP,6,5,1,536.8,,1
06wh,92,HC,TP,HC_TP,1,1,1,122,,0
06wh,92,HC,TP,HC_TP,2,1,1,198.1,,1
06wh,92,HC,TP,HC_TP,3,3,1,370.7,,1
06wh,92,HC,TP,HC_TP,4,5,1,447,,0
06wh,92,HC,TP,HC_TP,5,5,1,547.1,,0
06wh,92,HC,TP,HC_TP,6,5,1,659.3,,1
06wh,36,LC,JL,LC_JL,1,1,1,120.7,,0
06wh,36,LC,JL,LC_JL,2,1,1,199.5,,0
06wh,36,LC,JL,LC_JL,3,1,1,343.4,,1
06wh,36,LC,JL,LC_JL,4,3,1,453.1,,1
06wh,36,LC,JL,LC_JL,5,1,2,381,,1
06wh,36,LC,JL,LC_JL,6,4,1,478.9,,1
06wh,36,LC,JL,LC_JL,7,5,1,529.4,,0
06wh,36,LC,JL,LC_JL,8,5,1,579.9,,1
06wh,26,LC,TP,LC_TP,1,1,1,230.4,,0
06wh,26,LC,TP,LC_TP,2,1,1,279.3,,1
06wh,26,LC,TP,LC_TP,3,3,1,430.5,,1
06wh,26,LC,TP,LC_TP,4,4,1,459.6,,1
06wh,26,LC,TP,LC_TP,5,5,1,576,,0
06wh,26,LC,TP,LC_TP,6,5,1,646.4,,1
06wh,119,HC,JH,HC_JH,1,1,1,119.8,,0
06wh,119,HC,JH,HC_JH,2,1,1,194.4,,1
06wh,119,HC,JH,HC_JH,3,2,1,348.9,,1
06wh,119,HC,JH,HC_JH,4,4,1,410.5,,1
06wh,119,HC,JH,HC_JH,5,5,1,476,,0
06wh,119,HC,JH,HC_JH,6,5,1,620.7,,1
06wh,44,LC,JL,LC_JL,1,1,1,122.5,,0
06wh,44,LC,JL,LC_JL,2,1,1,201.3,,0
06wh,44,LC,JL,LC_JL,3,1,1,319.9,,1
06wh,44,LC,JL,LC_JL,4,2,1,440.4,,1
06wh,44,LC,JL,LC_JL,5,4,1,488.2,,1
06wh,44,LC,JL,LC_JL,6,5,1,613.6,,0
06wh,44,LC,JL,LC_JL,7,5,1,599.2,,1
06wh,125,HC,JH,HC_JH,1,1,1,112.9,,0
06wh,125,HC,JH,HC_JH,2,1,1,172.6,,1
06wh,125,HC,JH,HC_JH,3,2,1,328.5,,1