"","RECORDING_SESSION_LABEL","sentence","word_complex","preview","condition","CURRENT_FIX_INDEX","CURRENT_FIX_INTEREST_AREA_ID","CURRENT_FIX_INTEREST_AREA_RUN_ID","CURRENT_FIX_X","X","X.1","index"
"1","05wyh",119,"HC","JH","HC_JH",1,"1","1",121,NA,0,1
"2","05wyh",119,"HC","JH","HC_JH",2,"1","1",227.9,NA,0,2
"3","05wyh",119,"HC","JH","HC_JH",3,"1","1",199.5,NA,0,3
"4","05wyh",119,"HC","JH","HC_JH",4,"1","1",257.9,NA,1,4
"5","05wyh",119,"HC","JH","HC_JH",5,"2","1",361.7,NA,1,5
"6","05wyh",119,"HC","JH","HC_JH",6,"1","2",195,NA,0,6
"7","05wyh",119,"HC","JH","HC_JH",7,"1","2",243.6,NA,1,7
"8","05wyh",119,"HC","JH","HC_JH",8,"2","2",360.1,NA,1,8
"9","05wyh",119,"HC","JH","HC_JH",9,"4","1",412.1,NA,1,9
"10","05wyh",119,"HC","JH","HC_JH",10,"2","3",373.4,NA,1,10
"11","05wyh",119,"HC","JH","HC_JH",11,"5","1",581.2,NA,0,11
"12","05wyh",119,"HC","JH","HC_JH",12,"5","1",653,NA,1,12
"13","05wyh",20,"LC","TP","LC_TP",1,"1","1",108.6,NA,0,13
"14","05wyh",20,"LC","TP","LC_TP",2,"1","1",215.4,NA,0,14
"15","05wyh",20,"LC","TP","LC_TP",3,"1","1",175.5,NA,0,15
"16","05wyh",20,"LC","TP","LC_TP",4,"1","1",263.1,NA,1,16
"17","05wyh",20,"LC","TP","LC_TP",5,"5","1",386,NA,0,17
"18","05wyh",20,"LC","TP","LC_TP",6,"5","1",475.4,NA,0,18
"19","05wyh",20,"LC","TP","LC_TP",7,"5","1",613.1,NA,0,19
"20","05wyh",20,"LC","TP","LC_TP",8,"5","1",668.8,NA,1,20
"21","05wyh",20,"LC","TP","LC_TP",9,".",".",768.3,NA,1,21
"22","05wyh",20,"LC","TP","LC_TP",10,"5","2",536.2,NA,0,22
"23","05wyh",20,"LC","TP","LC_TP",11,"5","2",694.7,NA,1,23
"24","05wyh",78,"HC","ID","HC_ID",1,"1","1",118.8,NA,0,24
"25","05wyh",78,"HC","ID","HC_ID",2,"1","1",205.8,NA,0,25
"26","05wyh",78,"HC","ID","HC_ID",3,"1","1",183.6,NA,0,26
"27","05wyh",78,"HC","ID","HC_ID",4,"1","1",273.3,NA,1,27
"28","05wyh",78,"HC","ID","HC_ID",5,"3","1",344.6,NA,1,28
"29","05wyh",78,"HC","ID","HC_ID",6,"1","2",295.2,NA,1,29
"30","05wyh",78,"HC","ID","HC_ID",7,"5","1",432.3,NA,0,30
"31","05wyh",78,"HC","ID","HC_ID",8,"5","1",509.4,NA,0,31
"32","05wyh",78,"HC","ID","HC_ID",9,"5","1",604.2,NA,0,32
"33","05wyh",78,"HC","ID","HC_ID",10,"5","1",687.8,NA,1,33
"34","05wyh",78,"HC","ID","HC_ID",11,"1","3",188.2,NA,0,34
"35","05wyh",37,"LC","JL","LC_JL",1,"1","1",119.2,NA,0,35
"36","05wyh",37,"LC","JL","LC_JL",2,"1","1",199.9,NA,0,36
"37","05wyh",37,"LC","JL","LC_JL",3,"1","1",184,NA,0,37
"38","05wyh",37,"LC","JL","LC_JL",4,"1","1",241.9,NA,1,38
"39","05wyh",37,"LC","JL","LC_JL",5,"3","1",319.8,NA,0,39
"40","05wyh",37,"LC","JL","LC_JL",6,"3","1",333.4,NA,1,40
"41","05wyh",37,"LC","JL","LC_JL",7,"5","1",441.2,NA,0,41
"42","05wyh",37,"LC","JL","LC_JL",8,"5","1",510.1,NA,0,42
"43","05wyh",37,"LC","JL","LC_JL",9,"5","1",600,NA,0,43
"44","05wyh",37,"LC","JL","LC_JL",10,"5","1",656.7,NA,1,44
"45","05wyh",36,"LC","JL","LC_JL",1,"1","1",122.2,NA,0,45
"46","05wyh",36,"LC","JL","LC_JL",2,"1","1",213.3,NA,0,46
"47","05wyh",36,"LC","JL","LC_JL",3,"1","1",309.9,NA,1,47
"48","05wyh",36,"LC","JL","LC_JL",4,"2","1",420.7,NA,1,48
"49","05wyh",36,"LC","JL","LC_JL",5,"4","1",476.6,NA,1,49
"50","05wyh",36,"LC","JL","LC_JL",6,"1","2",343.3,NA,1,50
"51","05wyh",36,"LC","JL","LC_JL",7,"3","1",466.5,NA,1,51
"52","05wyh",36,"LC","JL","LC_JL",8,"1","3",391.3,NA,0,52
"53","05wyh",36,"LC","JL","LC_JL",9,"1","3",363.3,NA,1,53
"54","05wyh",36,"LC","JL","LC_JL",10,"4","2",503,NA,1,54
"55","05wyh",36,"LC","JL","LC_JL",11,"5","1",614.2,NA,0,55
"56","05wyh",36,"LC","JL","LC_JL",12,"5","1",695.5,NA,0,56
"57","05wyh",36,"LC","JL","LC_JL",13,"5","1",615.7,NA,1,57
"58","05wyh",39,"LC","JL","LC_JL",1,"1","1",118.7,NA,0,58
"59","05wyh",39,"LC","JL","LC_JL",2,"1","1",227.8,NA,0,59
"60","05wyh",39,"LC","JL","LC_JL",3,"1","1",187.8,NA,1,60
"61","05wyh",39,"LC","JL","LC_JL",4,"2","1",293.3,NA,0,61
"62","05wyh",39,"LC","JL","LC_JL",5,"2","1",303.9,NA,0,62
"63","05wyh",39,"LC","JL","LC_JL",6,"2","1",285.2,NA,1,63
"64","05wyh",39,"LC","JL","LC_JL",7,"5","1",429.5,NA,0,64
"65","05wyh",39,"LC","JL","LC_JL",8,"5","1",499.2,NA,0,65
"66","05wyh",39,"LC","JL","LC_JL",9,"5","1",557.7,NA,0,66
"67","05wyh",39,"LC","JL","LC_JL",10,"5","1",613.3,NA,0,67
"68","05wyh",39,"LC","JL","LC_JL",11,"5","1",468.1,NA,0,68
"69","05wyh",39,"LC","JL","LC_JL",12,"5","1",699.8,NA,0,69
"70","05wyh",39,"LC","JL","LC_JL",13,"5","1",382.7,NA,1,70
"71","05wyh",39,"LC","JL","LC_JL",14,"1","2",171.5,NA,0,71
"72","05wyh",115,"HC","JH","HC_JH",1,"1","1",134.9,NA,0,72
"73","05wyh",115,"HC","JH","HC_JH",2,"1","1",213.9,NA,0,73
"74","05wyh",115,"HC","JH","HC_JH",3,"1","1",259.5,NA,1,74
"75","05wyh",115,"HC","JH","HC_JH",4,"2","1",309.5,NA,1,75
"76","05wyh",115,"HC","JH","HC_JH",5,"3","1",356.6,NA,0,76
"77","05wyh",115,"HC","JH","HC_JH",6,"3","1",371.1,NA,1,77
"78","05wyh",115,"HC","JH","HC_JH",7,"5","1",445.9,NA,0,78
"79","05wyh",115,"HC","JH","HC_JH",8,"5","1",523.3,NA,0,79
"80","05wyh",115,"HC","JH","HC_JH",9,"5","1",625.1,NA,0,80
"81","05wyh",115,"HC","JH","HC_JH",10,"5","1",699.8,NA,0,81
"82","05wyh",115,"HC","JH","HC_JH",11,"5","1",461.4,NA,1,82
"83","05wyh",115,"HC","JH","HC_JH",12,"3","2",367.1,NA,1,83
"84","05wyh",115,"HC","JH","HC_JH",13,"2","2",307.4,NA,1,84
"85","05wyh",52,"LC","JH","LC_JH",1,"1","1",114,NA,0,85
"86","05wyh",52,"LC","JH","LC_JH",2,"1","1",197.4,NA,0,86
"87","05wyh",52,"LC","JH","LC_JH",3,"1","1",161.9,NA,0,87
"88","05wyh",52,"LC","JH","LC_JH",4,"1","1",290.75,NA,0,88
"89","05wyh",52,"LC","JH","LC_JH",5,"1","1",363.9,NA,1,89
"90","05wyh",52,"LC","JH","LC_JH",6,"2","1",410.9,NA,1,90
"91","05wyh",52,"LC","JH","LC_JH",7,"4","1",482.8,NA,1,91
"92","05wyh",52,"LC","JH","LC_JH",8,"1","2",397.2,NA,1,92
"93","05wyh",52,"LC","JH","LC_JH",9,"5","1",557.7,NA,0,93
"94","05wyh",52,"LC","JH","LC_JH",10,"5","1",670.6,NA,1,94
"95","05wyh",52,"LC","JH","LC_JH",11,"1","3",296.2,NA,0,95
"96","05wyh",32,"LC","TP","LC_TP",1,"1","1",119.3,NA,0,96
"97","05wyh",32,"LC","TP","LC_TP",2,"1","1",217.3,NA,0,97
"98","05wyh",32,"LC","TP","LC_TP",3,"1","1",272.7,NA,0,98
"99","05wyh",32,"LC","TP","LC_TP",4,"1","1",355,NA,1,99
"100","05wyh",32,"LC","TP","LC_TP",5,"4","1",461.1,NA,1,100
"101","05wyh",32,"LC","TP","LC_TP",6,"3","1",436,NA,1,101
"102","05wyh",32,"LC","TP","LC_TP",7,"5","1",555,NA,0,102
"103","05wyh",32,"LC","TP","LC_TP",8,"5","1",663.4,NA,0,103
"104","05wyh",32,"LC","TP","LC_TP",9,"5","1",716.2,NA,1,104
"105","05wyh",32,"LC","TP","LC_TP",10,"1","2",304.9,NA,0,105
"106","05wyh",32,"LC","TP","LC_TP",11,"1","2",181,NA,0,106
"107","05wyh",105,"HC","JL","HC_JL",1,"1","1",131.8,NA,1,107
"108","05wyh",105,"HC","JL","HC_JL",2,"2","1",246.3,NA,1,108
"109","05wyh",105,"HC","JL","HC_JL",3,"1","2",179.8,NA,1,109
"110","05wyh",105,"HC","JL","HC_JL",4,"2","2",264.9,NA,1,110
"111","05wyh",105,"HC","JL","HC_JL",5,"3","1",306.1,NA,1,111
"112","05wyh",105,"HC","JL","HC_JL",6,"1","3",200.1,NA,1,112
"113","05wyh",105,"HC","JL","HC_JL",7,"5","1",352.7,NA,0,113
"114","05wyh",105,"HC","JL","HC_JL",8,"5","1",470.3,NA,0,114
"115","05wyh",105,"HC","JL","HC_JL",9,"5","1",425.7,NA,0,115
"116","05wyh",105,"HC","JL","HC_JL",10,"5","1",461.4,NA,0,116
"117","05wyh",105,"HC","JL","HC_JL",11,"5","1",572.1,NA,0,117
"118","05wyh",105,"HC","JL","HC_JL",12,"5","1",659.7,NA,0,118
"119","05wyh",105,"HC","JL","HC_JL",13,"5","1",678.2,NA,1,119
"120","05wyh",51,"LC","JH","LC_JH",1,"1","1",131.9,NA,0,120
"121","05wyh",51,"LC","JH","LC_JH",2,"1","1",210.8,NA,0,121
"122","05wyh",51,"LC","JH","LC_JH",3,"1","1",309.1,NA,0,122
"123","05wyh",51,"LC","JH","LC_JH",4,"1","1",244.8,NA,0,123
"124","05wyh",51,"LC","JH","LC_JH",5,"1","1",352.3,NA,0,124
"125","05wyh",51,"LC","JH","LC_JH",6,"1","1",370.3,NA,1,125
"126","05wyh",51,"LC","JH","LC_JH",7,"3","1",489.3,NA,1,126
"127","05wyh",51,"LC","JH","LC_JH",8,"1","2",433.9,NA,1,127
"128","05wyh",51,"LC","JH","LC_JH",9,"5","1",574.7,NA,0,128
"129","05wyh",51,"LC","JH","LC_JH",10,"5","1",660.8,NA,1,129
"130","05wyh",51,"LC","JH","LC_JH",11,"1","3",178,NA,0,130
"131","05wyh",51,"LC","JH","LC_JH",12,"1","3",244.7,NA,0,131
"132","05wyh",114,"HC","JH","HC_JH",1,"1","1",126,NA,0,132
"133","05wyh",114,"HC","JH","HC_JH",2,"1","1",243.3,NA,0,133
"134","05wyh",114,"HC","JH","HC_JH",3,"1","1",199.2,NA,0,134
"135","05wyh",114,"HC","JH","HC_JH",4,"1","1",292.7,NA,0,135
"136","05wyh",114,"HC","JH","HC_JH",5,"1","1",349.1,NA,1,136
"137","05wyh",114,"HC","JH","HC_JH",6,"2","1",435.1,NA,1,137
"138","05wyh",114,"HC","JH","HC_JH",7,"4","1",479.1,NA,1,138
"139","05wyh",114,"HC","JH","HC_JH",8,"5","1",526.6,NA,0,139
"140","05wyh",114,"HC","JH","HC_JH",9,"5","1",594.8,NA,1,140
"141","05wyh",114,"HC","JH","HC_JH",10,"4","2",488.7,NA,1,141
"142","05wyh",114,"HC","JH","HC_JH",11,"5","2",524.6,NA,0,142
"143","05wyh",114,"HC","JH","HC_JH",12,"5","2",625.4,NA,1,143
"144","05wyh",42,"LC","JL","LC_JL",1,"1","1",125.3,NA,0,144
"145","05wyh",42,"LC","JL","LC_JL",2,"1","1",201.8,NA,1,145
"146","05wyh",42,"LC","JL","LC_JL",3,"4","1",323.4,NA,1,146
"147","05wyh",42,"LC","JL","LC_JL",4,"3","1",287.3,NA,1,147
"148","05wyh",42,"LC","JL","LC_JL",5,"5","1",438.1,NA,0,148
"149","05wyh",42,"LC","JL","LC_JL",6,"5","1",490,NA,0,149
"150","05wyh",42,"LC","JL","LC_JL",7,"5","1",610.6,NA,0,150
"151","05wyh",42,"LC","JL","LC_JL",8,"5","1",505,NA,0,151
"152","05wyh",42,"LC","JL","LC_JL",9,"5","1",638.6,NA,1,152
"153","05wyh",126,"HC","JH","HC_JH",1,"1","1",134.7,NA,0,153
"154","05wyh",126,"HC","JH","HC_JH",2,"1","1",208.9,NA,0,154
"155","05wyh",126,"HC","JH","HC_JH",3,"1","1",296.5,NA,0,155
"156","05wyh",126,"HC","JH","HC_JH",4,"1","1",358.5,NA,0,156
"157","05wyh",126,"HC","JH","HC_JH",5,"1","1",422.4,NA,1,157
"158","05wyh",126,"HC","JH","HC_JH",6,"4","1",515.7,NA,1,158
"159","05wyh",126,"HC","JH","HC_JH",7,"5","1",569.4,NA,0,159
"160","05wyh",126,"HC","JH","HC_JH",8,"5","1",614.5,NA,0,160
"161","05wyh",126,"HC","JH","HC_JH",9,"5","1",705.5,NA,1,161
"162","05wyh",126,"HC","JH","HC_JH",10,"1","2",185.6,NA,0,162
"163","05wyh",30,"LC","TP","LC_TP",1,"1","1",124.2,NA,0,163
"164","05wyh",30,"LC","TP","LC_TP",2,"1","1",204.5,NA,0,164
"165","05wyh",30,"LC","TP","LC_TP",3,"1","1",292.1,NA,1,165
"166","05wyh",30,"LC","TP","LC_TP",4,"4","1",385.6,NA,1,166
"167","05wyh",30,"LC","TP","LC_TP",5,"5","1",415,NA,0,167
"168","05wyh",30,"LC","TP","LC_TP",6,"5","1",554.3,NA,0,168
"169","05wyh",30,"LC","TP","LC_TP",7,"5","1",445.5,NA,0,169
"170","05wyh",30,"LC","TP","LC_TP",8,"5","1",615.3,NA,1,170
"171","05wyh",110,"HC","JL","HC_JL",1,"1","1",125.2,NA,0,171
"172","05wyh",110,"HC","JL","HC_JL",2,"1","1",194.6,NA,0,172
"173","05wyh",110,"HC","JL","HC_JL",3,"1","1",310.8,NA,0,173
"174","05wyh",110,"HC","JL","HC_JL",4,"1","1",351.3,NA,0,174
"175","05wyh",110,"HC","JL","HC_JL",5,"1","1",374.4,NA,1,175
"176","05wyh",110,"HC","JL","HC_JL",6,"3","1",502.7,NA,1,176
"177","05wyh",110,"HC","JL","HC_JL",7,"5","1",637.3,NA,0,177
"178","05wyh",110,"HC","JL","HC_JL",8,"5","1",728.8,NA,1,178
"179","05wyh",50,"LC","JH","LC_JH",1,"1","1",112.5,NA,0,179
"180","05wyh",50,"LC","JH","LC_JH",2,"1","1",200.5,NA,1,180
"181","05wyh",50,"LC","JH","LC_JH",3,"3","1",348.9,NA,1,181
"182","05wyh",50,"LC","JH","LC_JH",4,"1","2",272,NA,1,182
"183","05wyh",50,"LC","JH","LC_JH",5,"2","1",326.7,NA,1,183
"184","05wyh",50,"LC","JH","LC_JH",6,"5","1",456.7,NA,1,184
"185","05wyh",50,"LC","JH","LC_JH",7,"4","1",401.8,NA,1,185
"186","05wyh",50,"LC","JH","LC_JH",8,"5","2",535.3,NA,0,186
"187","05wyh",50,"LC","JH","LC_JH",9,"5","2",610.3,NA,0,187
"188","05wyh",50,"LC","JH","LC_JH",10,"5","2",672.7,NA,0,188
"189","05wyh",50,"LC","JH","LC_JH",11,"5","2",710,NA,1,189
"190","05wyh",50,"LC","JH","LC_JH",12,"1","3",212.5,NA,0,190
"191","05wyh",101,"HC","JL","HC_JL",1,"1","1",121.6,NA,0,191
"192","05wyh",101,"HC","JL","HC_JL",2,"1","1",234.8,NA,1,192
"193","05wyh",101,"HC","JL","HC_JL",3,"2","1",301.6,NA,1,193
"194","05wyh",101,"HC","JL","HC_JL",4,"5","1",425.5,NA,1,194
"195","05wyh",101,"HC","JL","HC_JL",5,"3","1",326.2,NA,1,195
"196","05wyh",101,"HC","JL","HC_JL",6,"5","2",443.3,NA,0,196
"197","05wyh",101,"HC","JL","HC_JL",7,"5","2",490.1,NA,1,197
"198","05wyh",101,"HC","JL","HC_JL",8,"1","2",271.9,NA,1,198
"199","05wyh",101,"HC","JL","HC_JL",9,"4","1",340,NA,1,199
"200","05wyh",101,"HC","JL","HC_JL",10,"1","3",216.4,NA,1,200
"201","05wyh",101,"HC","JL","HC_JL",11,"5","3",449.1,NA,0,201
"202","05wyh",101,"HC","JL","HC_JL",12,"5","3",496.5,NA,0,202
"203","05wyh",101,"HC","JL","HC_JL",13,"5","3",592.3,NA,0,203
"204","05wyh",101,"HC","JL","HC_JL",14,"5","3",481.3,NA,0,204
"205","05wyh",101,"HC","JL","HC_JL",15,"5","3",555.8,NA,0,205
"206","05wyh",101,"HC","JL","HC_JL",16,"5","3",661.6,NA,1,206
"207","05wyh",74,"HC","ID","HC_ID",1,"1","1",122.1,NA,0,207
"208","05wyh",74,"HC","ID","HC_ID",2,"1","1",191.2,NA,0,208
"209","05wyh",74,"HC","ID","HC_ID",3,"1","1",126.8,NA,0,209
"210","05wyh",74,"HC","ID","HC_ID",4,"1","1",218,NA,0,210
"211","05wyh",74,"HC","ID","HC_ID",5,"1","1",324.5,NA,0,211
"212","05wyh",74,"HC","ID","HC_ID",6,"1","1",283.7,NA,0,212
"213","05wyh",74,"HC","ID","HC_ID",7,"1","1",428.2,NA,1,213
"214","05wyh",74,"HC","ID","HC_ID",8,"2","1",502.2,NA,1,214
"215","05wyh",74,"HC","ID","HC_ID",9,"4","1",561.2,NA,1,215
"216","05wyh",74,"HC","ID","HC_ID",10,"5","1",639,NA,1,216
"217","05wyh",74,"HC","ID","HC_ID",11,"1","2",237.7,NA,0,217
"218","05wyh",74,"HC","ID","HC_ID",12,"1","2",345.7,NA,0,218
"219","05wyh",70,"HC","ID","HC_ID",1,"1","1",123.4,NA,1,219
"220","05wyh",70,"HC","ID","HC_ID",2,"5","1",389.2,NA,1,220
"221","05wyh",70,"HC","ID","HC_ID",3,"1","2",196.4,NA,0,221
"222","05wyh",70,"HC","ID","HC_ID",4,"1","2",271.6,NA,0,222
"223","05wyh",70,"HC","ID","HC_ID",5,"1","2",220.4,NA,1,223
"224","05wyh",70,"HC","ID","HC_ID",6,"2","1",274.5,NA,1,224
"225","05wyh",70,"HC","ID","HC_ID",7,"4","1",344.6,NA,1,225
"226","05wyh",70,"HC","ID","HC_ID",8,"3","1",314.3,NA,1,226
"227","05wyh",70,"HC","ID","HC_ID",9,"5","2",426.6,NA,0,227
"228","05wyh",70,"HC","ID","HC_ID",10,"5","2",525.5,NA,0,228
"229","05wyh",70,"HC","ID","HC_ID",11,"5","2",657.4,NA,0,229
"230","05wyh",70,"HC","ID","HC_ID",12,"5","2",585.3,NA,0,230
"231","05wyh",70,"HC","ID","HC_ID",13,"5","2",664.2,NA,0,231
"232","05wyh",70,"HC","ID","HC_ID",14,"5","2",707.5,NA,1,232
"233","05wyh",70,"HC","ID","HC_ID",15,"1","3",191.5,NA,0,233
"234","05wyh",109,"HC","JL","HC_JL",1,"1","1",118.6,NA,0,234
"235","05wyh",109,"HC","JL","HC_JL",2,"1","1",196.3,NA,0,235
"236","05wyh",109,"HC","JL","HC_JL",3,"1","1",254.4,NA,0,236
"237","05wyh",109,"HC","JL","HC_JL",4,"1","1",307.8,NA,0,237
"238","05wyh",109,"HC","JL","HC_JL",5,"1","1",385.6,NA,1,238
"239","05wyh",109,"HC","JL","HC_JL",6,"2","1",474.1,NA,1,239
"240","05wyh",109,"HC","JL","HC_JL",7,"4","1",572.3,NA,1,240
"241","05wyh",109,"HC","JL","HC_JL",8,"5","1",671.9,NA,1,241
"242","05wyh",109,"HC","JL","HC_JL",9,"1","2",171.7,NA,0,242
"243","05wyh",5,"LC","ID","LC_ID",1,"1","1",124.1,NA,0,243
"244","05wyh",5,"LC","ID","LC_ID",2,"1","1",205.9,NA,0,244
"245","05wyh",5,"LC","ID","LC_ID",3,"1","1",182.1,NA,0,245
"246","05wyh",5,"LC","ID","LC_ID",4,"1","1",266.7,NA,1,246
"247","05wyh",5,"LC","ID","LC_ID",5,"3","1",348.6,NA,1,247
"248","05wyh",5,"LC","ID","LC_ID",6,"5","1",425.3,NA,0,248
"249","05wyh",5,"LC","ID","LC_ID",7,"5","1",509.9,NA,0,249
"250","05wyh",5,"LC","ID","LC_ID",8,"5","1",598.9,NA,0,250
"251","05wyh",5,"LC","ID","LC_ID",9,"5","1",646.1,NA,1,251
"252","05wyh",5,"LC","ID","LC_ID",10,"1","2",224.7,NA,1,252
"253","05wyh",5,"LC","ID","LC_ID",11,"5","2",669.1,NA,1,253
"254","05wyh",128,"HC","JH","0",1,"1","1",120,NA,0,254
"255","05wyh",128,"HC","JH","0",2,"1","1",217,NA,0,255
"256","05wyh",128,"HC","JH","0",3,"1","1",308.1,NA,1,256
"257","05wyh",128,"HC","JH","0",4,"4","1",408.7,NA,1,257
"258","05wyh",128,"HC","JH","0",5,"3","1",386.9,NA,1,258
"259","05wyh",128,"HC","JH","0",6,"5","1",532.2,NA,0,259
"260","05wyh",128,"HC","JH","0",7,"5","1",593,NA,0,260
"261","05wyh",128,"HC","JH","0",8,"5","1",481.2,NA,0,261
"262","05wyh",128,"HC","JH","0",9,"5","1",604.5,NA,1,262
"263","05wyh",128,"HC","JH","0",10,"1","2",260.7,NA,0,263
"264","05wyh",128,"HC","JH","0",11,"1","2",199.9,NA,0,264
"265","05wyh",86,"HC","TP","HC_TP",1,"1","1",122.3,NA,0,265
"266","05wyh",86,"HC","TP","HC_TP",2,"1","1",215.1,NA,0,266
"267","05wyh",86,"HC","TP","HC_TP",3,"1","1",194.6,NA,0,267
"268","05wyh",86,"HC","TP","HC_TP",4,"1","1",328.6,NA,1,268
"269","05wyh",86,"HC","TP","HC_TP",5,"2","1",473.4,NA,1,269
"270","05wyh",86,"HC","TP","HC_TP",6,"3","1",520.2,NA,1,270
"271","05wyh",86,"HC","TP","HC_TP",7,"4","1",566.9,NA,1,271
"272","05wyh",86,"HC","TP","HC_TP",8,"5","1",721.3,NA,1,272
"273","05wyh",86,"HC","TP","HC_TP",9,"1","2",424.7,NA,1,273
"274","05wyh",86,"HC","TP","HC_TP",10,"4","2",550.9,NA,1,274
"275","05wyh",13,"LC","ID","LC_ID",1,"1","1",120.7,NA,0,275
"276","05wyh",13,"LC","ID","LC_ID",2,"1","1",240.3,NA,1,276
"277","05wyh",13,"LC","ID","LC_ID",3,"3","1",410.3,NA,1,277
"278","05wyh",13,"LC","ID","LC_ID",4,"1","2",346.3,NA,1,278
"279","05wyh",13,"LC","ID","LC_ID",5,"5","1",535.4,NA,0,279
"280","05wyh",13,"LC","ID","LC_ID",6,"5","1",682,NA,0,280
"281","05wyh",13,"LC","ID","LC_ID",7,"5","1",610.9,NA,1,281
"282","05wyh",28,"LC","TP","LC_TP",1,".",".",-69.8,NA,1,282
"283","05wyh",28,"LC","TP","LC_TP",2,"2","1",216.9,NA,1,283
"284","05wyh",28,"LC","TP","LC_TP",3,"1","1",188.7,NA,1,284
"285","05wyh",28,"LC","TP","LC_TP",4,"4","1",290,NA,1,285
"286","05wyh",28,"LC","TP","LC_TP",5,"3","1",243.1,NA,1,286
"287","05wyh",28,"LC","TP","LC_TP",6,"4","2",297.1,NA,1,287
"288","05wyh",28,"LC","TP","LC_TP",7,"5","1",367.2,NA,0,288
"289","05wyh",28,"LC","TP","LC_TP",8,"5","1",457.5,NA,0,289
"290","05wyh",28,"LC","TP","LC_TP",9,"5","1",569.9,NA,0,290
"291","05wyh",28,"LC","TP","LC_TP",10,"5","1",645.6,NA,1,291
"292","05wyh",68,"HC","ID","HC_ID",1,"1","1",116.5,NA,0,292
"293","05wyh",68,"HC","ID","HC_ID",2,"1","1",210.2,NA,0,293
"294","05wyh",68,"HC","ID","HC_ID",3,"1","1",326.9,NA,1,294
"295","05wyh",68,"HC","ID","HC_ID",4,"2","1",457.9,NA,1,295
"296","05wyh",68,"HC","ID","HC_ID",5,"4","1",523.3,NA,1,296
"297","05wyh",68,"HC","ID","HC_ID",6,"1","2",312.9,NA,0,297
"298","05wyh",68,"HC","ID","HC_ID",7,"1","2",405.5,NA,1,298
"299","05wyh",68,"HC","ID","HC_ID",8,"5","1",614.1,NA,0,299
"300","05wyh",68,"HC","ID","HC_ID",9,"5","1",672.9,NA,1,300
"301","05wyh",68,"HC","ID","HC_ID",10,"4","2",534.9,NA,1,301
"302","05wyh",14,"LC","ID","LC_ID",1,"1","1",99.3,NA,0,302
"303","05wyh",14,"LC","ID","LC_ID",2,"1","1",201.7,NA,0,303
"304","05wyh",14,"LC","ID","LC_ID",3,"1","1",284.6,NA,0,304
"305","05wyh",14,"LC","ID","LC_ID",4,"1","1",364.1,NA,0,305
"306","05wyh",14,"LC","ID","LC_ID",5,"1","1",230.5,NA,0,306
"307","05wyh",14,"LC","ID","LC_ID",6,"1","1",178.1,NA,0,307
"308","05wyh",14,"LC","ID","LC_ID",7,"1","1",372,NA,0,308
"309","05wyh",14,"LC","ID","LC_ID",8,"1","1",320.5,NA,1,309
"310","05wyh",14,"LC","ID","LC_ID",9,"5","1",490.1,NA,0,310
"311","05wyh",14,"LC","ID","LC_ID",10,"5","1",557.3,NA,0,311
"312","05wyh",14,"LC","ID","LC_ID",11,"5","1",679.2,NA,1,312
"313","05wyh",14,"LC","ID","LC_ID",12,"4","1",455.9,NA,1,313
"314","05wyh",55,"LC","JH","LC_JH",1,"1","1",127.1,NA,0,314
"315","05wyh",55,"LC","JH","LC_JH",2,"1","1",212.6,NA,0,315
"316","05wyh",55,"LC","JH","LC_JH",3,"1","1",295.6,NA,0,316
"317","05wyh",55,"LC","JH","LC_JH",4,"1","1",233.3,NA,1,317
"318","05wyh",55,"LC","JH","LC_JH",5,"2","1",311.9,NA,1,318
"319","05wyh",55,"LC","JH","LC_JH",6,"4","1",375.7,NA,1,319
"320","05wyh",55,"LC","JH","LC_JH",7,"3","1",343.7,NA,1,320
"321","05wyh",55,"LC","JH","LC_JH",8,"5","1",495.3,NA,1,321
"322","05wyh",55,"LC","JH","LC_JH",9,"4","2",401.5,NA,1,322
"323","05wyh",55,"LC","JH","LC_JH",10,"5","2",487.1,NA,0,323
"324","05wyh",55,"LC","JH","LC_JH",11,"5","2",549.7,NA,0,324
"325","05wyh",55,"LC","JH","LC_JH",12,"5","2",462.3,NA,1,325
"326","05wyh",96,"HC","TP","HC_TP",1,"1","1",135.6,NA,0,326
"327","05wyh",96,"HC","TP","HC_TP",2,"1","1",197.5,NA,0,327
"328","05wyh",96,"HC","TP","HC_TP",3,"1","1",273.8,NA,0,328
"329","05wyh",96,"HC","TP","HC_TP",4,"1","1",213.2,NA,0,329
"330","05wyh",96,"HC","TP","HC_TP",5,"1","1",313.7,NA,0,330
"331","05wyh",96,"HC","TP","HC_TP",6,"1","1",416.6,NA,0,331
"332","05wyh",96,"HC","TP","HC_TP",7,"1","1",342.3,NA,0,332
"333","05wyh",96,"HC","TP","HC_TP",8,"1","1",410.3,NA,1,333
"334","05wyh",96,"HC","TP","HC_TP",9,"3","1",492.9,NA,1,334
"335","05wyh",96,"HC","TP","HC_TP",10,"5","1",579.4,NA,0,335
"336","05wyh",96,"HC","TP","HC_TP",11,"5","1",644.1,NA,1,336
"337","05wyh",96,"HC","TP","HC_TP",12,"4","1",522.3,NA,1,337
"338","05wyh",96,"HC","TP","HC_TP",13,"5","2",594.1,NA,0,338
"339","05wyh",96,"HC","TP","HC_TP",14,"5","2",670.7,NA,1,339
"340","05wyh",73,"HC","ID","HC_ID",1,"1","1",134.7,NA,0,340
"341","05wyh",73,"HC","ID","HC_ID",2,"1","1",214.2,NA,0,341
"342","05wyh",73,"HC","ID","HC_ID",3,"1","1",283,NA,0,342
"343","05wyh",73,"HC","ID","HC_ID",4,"1","1",375.8,NA,1,343
"344","05wyh",73,"HC","ID","HC_ID",5,"4","1",488.2,NA,1,344
"345","05wyh",73,"HC","ID","HC_ID",6,"3","1",457.7,NA,1,345
"346","05wyh",73,"HC","ID","HC_ID",7,"5","1",548.6,NA,1,346
"347","05wyh",73,"HC","ID","HC_ID",8,"4","2",504.6,NA,1,347
"348","05wyh",73,"HC","ID","HC_ID",9,"5","2",617.8,NA,1,348
"349","05wyh",73,"HC","ID","HC_ID",10,"1","2",192.9,NA,0,349
"350","05wyh",107,"HC","JL","HC_JL",1,"1","1",132.5,NA,0,350
"351","05wyh",107,"HC","JL","HC_JL",2,"1","1",219.6,NA,0,351
"352","05wyh",107,"HC","JL","HC_JL",3,"1","1",290.2,NA,0,352
"353","05wyh",107,"HC","JL","HC_JL",4,"1","1",216,NA,1,353
"354","05wyh",107,"HC","JL","HC_JL",5,"2","1",380.5,NA,1,354
"355","05wyh",107,"HC","JL","HC_JL",6,"4","1",463.5,NA,1,355
"356","05wyh",107,"HC","JL","HC_JL",7,"3","1",411.2,NA,1,356
"357","05wyh",107,"HC","JL","HC_JL",8,"4","2",443.6,NA,1,357
"358","05wyh",107,"HC","JL","HC_JL",9,"3","2",414.8,NA,1,358
"359","05wyh",107,"HC","JL","HC_JL",10,"5","1",568.6,NA,0,359
"360","05wyh",107,"HC","JL","HC_JL",11,"5","1",605.6,NA,0,360
"361","05wyh",107,"HC","JL","HC_JL",12,"5","1",686.6,NA,0,361
"362","05wyh",107,"HC","JL","HC_JL",13,"5","1",717.2,NA,1,362
"363","05wyh",107,"HC","JL","HC_JL",14,"1","2",264.4,NA,0,363
"364","05wyh",1,"LC","ID","LC_ID",1,"1","1",135.6,NA,0,364
"365","05wyh",1,"LC","ID","LC_ID",2,"1","1",216.4,NA,0,365
"366","05wyh",1,"LC","ID","LC_ID",3,"1","1",201.8,NA,0,366
"367","05wyh",1,"LC","ID","LC_ID",4,"1","1",294.5,NA,0,367
"368","05wyh",1,"LC","ID","LC_ID",5,"1","1",358.1,NA,1,368
"369","05wyh",1,"LC","ID","LC_ID",6,"3","1",427,NA,1,369
"370","05wyh",1,"LC","ID","LC_ID",7,"5","1",496.6,NA,0,370
"371","05wyh",1,"LC","ID","LC_ID",8,"5","1",580.9,NA,0,371
"372","05wyh",1,"LC","ID","LC_ID",9,"5","1",644.1,NA,1,372
"373","05wyh",1,"LC","ID","LC_ID",10,"1","2",373.1,NA,0,373
"374","05wyh",59,"LC","JH","LC_JH",1,"1","1",118.2,NA,0,374
"375","05wyh",59,"LC","JH","LC_JH",2,"1","1",206.3,NA,0,375
"376","05wyh",59,"LC","JH","LC_JH",3,"1","1",290.3,NA,0,376
"377","05wyh",59,"LC","JH","LC_JH",4,"1","1",365.8,NA,1,377
"378","05wyh",59,"LC","JH","LC_JH",5,"3","1",424.5,NA,1,378
"379","05wyh",59,"LC","JH","LC_JH",6,"2","1",390.5,NA,1,379
"380","05wyh",59,"LC","JH","LC_JH",7,"5","1",561.2,NA,0,380
"381","05wyh",59,"LC","JH","LC_JH",8,"5","1",648.9,NA,1,381
"382","05wyh",63,"LC","JH","LC_JH",1,"1","1",138.7,NA,0,382
"383","05wyh",63,"LC","JH","LC_JH",2,"1","1",259.5,NA,1,383
"384","05wyh",63,"LC","JH","LC_JH",3,"2","1",377.3,NA,1,384
"385","05wyh",63,"LC","JH","LC_JH",4,"4","1",455.1,NA,1,385
"386","05wyh",63,"LC","JH","LC_JH",5,"2","2",400.8,NA,1,386
"387","05wyh",63,"LC","JH","LC_JH",6,"4","2",463.5,NA,1,387
"388","05wyh",63,"LC","JH","LC_JH",7,"5","1",575.1,NA,0,388
"389","05wyh",63,"LC","JH","LC_JH",8,"5","1",665.6,NA,0,389
"390","05wyh",63,"LC","JH","LC_JH",9,"5","1",535.8,NA,0,390
"391","05wyh",63,"LC","JH","LC_JH",10,"5","1",691,NA,1,391
"392","05wyh",44,"LC","JL","LC_JL",1,"1","1",132.2,NA,0,392
"393","05wyh",44,"LC","JL","LC_JL",2,"1","1",225.9,NA,0,393
"394","05wyh",44,"LC","JL","LC_JL",3,"1","1",287.7,NA,0,394
"395","05wyh",44,"LC","JL","LC_JL",4,"1","1",381.6,NA,1,395
"396","05wyh",44,"LC","JL","LC_JL",5,"4","1",481.2,NA,1,396
"397","05wyh",44,"LC","JL","LC_JL",6,"5","1",584.2,NA,0,397
"398","05wyh",44,"LC","JL","LC_JL",7,"5","1",639.2,NA,0,398
"399","05wyh",44,"LC","JL","LC_JL",8,"5","1",715.1,NA,1,399
"400","05wyh",35,"LC","JL","LC_JL",1,"1","1",132.7,NA,0,400
"401","05wyh",35,"LC","JL","LC_JL",2,"1","1",204.1,NA,0,401
"402","05wyh",35,"LC","JL","LC_JL",3,"1","1",272.6,NA,0,402
"403","05wyh",35,"LC","JL","LC_JL",4,"1","1",357.8,NA,1,403
"404","05wyh",35,"LC","JL","LC_JL",5,"3","1",446.2,NA,1,404
"405","05wyh",35,"LC","JL","LC_JL",6,"5","1",518.6,NA,0,405
"406","05wyh",35,"LC","JL","LC_JL",7,"5","1",612.2,NA,0,406
"407","05wyh",35,"LC","JL","LC_JL",8,"5","1",671.3,NA,1,407
"408","05wyh",88,"HC","TP","HC_TP",1,"1","1",154.4,NA,0,408
"409","05wyh",88,"HC","TP","HC_TP",2,"1","1",260.5,NA,1,409
"410","05wyh",88,"HC","TP","HC_TP",3,"4","1",490.9,NA,1,410
"411","05wyh",88,"HC","TP","HC_TP",4,".",".",980.3,NA,1,411
"412","05wyh",88,"HC","TP","HC_TP",5,"1","2",159.4,NA,1,412
"413","05wyh",88,"HC","TP","HC_TP",6,".",".",923.3,NA,0,413
"414","05wyh",88,"HC","TP","HC_TP",7,".",".",928.9,NA,1,414
"415","05wyh",88,"HC","TP","HC_TP",8,"1","3",237.5,NA,0,415
"416","05wyh",88,"HC","TP","HC_TP",9,"1","3",324,NA,1,416
"417","05wyh",88,"HC","TP","HC_TP",10,"3","1",442.6,NA,1,417
"418","05wyh",88,"HC","TP","HC_TP",11,"4","2",505.9,NA,1,418
"419","05wyh",88,"HC","TP","HC_TP",12,"5","1",601.7,NA,0,419
"420","05wyh",88,"HC","TP","HC_TP",13,"5","1",677.2,NA,1,420
"421","05wyh",45,"LC","JL","LC_JL",1,"1","1",128.7,NA,0,421
"422","05wyh",45,"LC","JL","LC_JL",2,"1","1",205.8,NA,0,422
"423","05wyh",45,"LC","JL","LC_JL",3,"1","1",283.3,NA,1,423
"424","05wyh",45,"LC","JL","LC_JL",4,"4","1",384.3,NA,1,424
"425","05wyh",45,"LC","JL","LC_JL",5,"5","1",505.5,NA,0,425
"426","05wyh",45,"LC","JL","LC_JL",6,"5","1",589.2,NA,0,426
"427","05wyh",45,"LC","JL","LC_JL",7,"5","1",635.8,NA,0,427
"428","05wyh",45,"LC","JL","LC_JL",8,"5","1",516.2,NA,0,428
"429","05wyh",45,"LC","JL","LC_JL",9,"5","1",620.3,NA,0,429
"430","05wyh",45,"LC","JL","LC_JL",10,"5","1",672.5,NA,1,430
"431","05wyh",75,"HC","ID","HC_ID",1,"1","1",134.2,NA,0,431
"432","05wyh",75,"HC","ID","HC_ID",2,"1","1",226.7,NA,1,432
"433","05wyh",75,"HC","ID","HC_ID",3,"2","1",293.2,NA,1,433
"434","05wyh",75,"HC","ID","HC_ID",4,"4","1",348.7,NA,1,434
"435","05wyh",75,"HC","ID","HC_ID",5,"5","1",463.5,NA,0,435
"436","05wyh",75,"HC","ID","HC_ID",6,"5","1",548.3,NA,0,436
"437","05wyh",75,"HC","ID","HC_ID",7,"5","1",629.5,NA,0,437
"438","05wyh",75,"HC","ID","HC_ID",8,"5","1",704.8,NA,0,438
"439","05wyh",75,"HC","ID","HC_ID",9,"5","1",781,NA,1,439
"440","05wyh",106,"HC","JL","HC_JL",1,"1","1",127.05,NA,0,440
"441","05wyh",106,"HC","JL","HC_JL",2,"1","1",199.5,NA,1,441
"442","05wyh",106,"HC","JL","HC_JL",3,".",".",1053.7,NA,1,442
"443","05wyh",106,"HC","JL","HC_JL",4,"1","2",258.5,NA,1,443
"444","05wyh",106,"HC","JL","HC_JL",5,"2","1",332,NA,1,444
"445","05wyh",106,"HC","JL","HC_JL",6,"1","3",278.6,NA,1,445
"446","05wyh",106,"HC","JL","HC_JL",7,"4","1",387.2,NA,1,446
"447","05wyh",106,"HC","JL","HC_JL",8,"5","1",455.6,NA,0,447
"448","05wyh",106,"HC","JL","HC_JL",9,"5","1",599.2,NA,1,448
"449","05wyh",106,"HC","JL","HC_JL",10,"4","2",398.4,NA,1,449
"450","05wyh",106,"HC","JL","HC_JL",11,"3","1",346.6,NA,1,450
"451","05wyh",106,"HC","JL","HC_JL",12,"5","2",418.5,NA,0,451
"452","05wyh",106,"HC","JL","HC_JL",13,"5","2",622.1,NA,0,452
"453","05wyh",106,"HC","JL","HC_JL",14,"5","2",544,NA,0,453
"454","05wyh",106,"HC","JL","HC_JL",15,"5","2",656.1,NA,0,454
"455","05wyh",106,"HC","JL","HC_JL",16,"5","2",664.1,NA,1,455
"456","05wyh",106,"HC","JL","HC_JL",17,".",".",961.1,NA,1,456
"457","05wyh",48,"LC","JL","LC_JL",1,"1","1",137.4,NA,0,457
"458","05wyh",48,"LC","JL","LC_JL",2,"1","1",212.6,NA,0,458
"459","05wyh",48,"LC","JL","LC_JL",3,"1","1",259.8,NA,0,459
"460","05wyh",48,"LC","JL","LC_JL",4,"1","1",349.3,NA,0,460
"461","05wyh",48,"LC","JL","LC_JL",5,"1","1",419.9,NA,0,461
"462","05wyh",48,"LC","JL","LC_JL",6,"1","1",374.8,NA,1,462
"463","05wyh",48,"LC","JL","LC_JL",7,"3","1",478.6,NA,1,463
"464","05wyh",48,"LC","JL","LC_JL",8,"2","1",446.4,NA,1,464
"465","05wyh",48,"LC","JL","LC_JL",9,"3","2",502.7,NA,1,465
"466","05wyh",48,"LC","JL","LC_JL",10,"5","1",608.3,NA,0,466
"467","05wyh",48,"LC","JL","LC_JL",11,"5","1",687.8,NA,0,467
"468","05wyh",48,"LC","JL","LC_JL",12,"5","1",701.2,NA,1,468
"469","05wyh",12,"LC","ID","LC_ID",1,"1","1",131.1,NA,0,469
"470","05wyh",12,"LC","ID","LC_ID",2,"1","1",200.4,NA,0,470
"471","05wyh",12,"LC","ID","LC_ID",3,"1","1",264.7,NA,0,471
"472","05wyh",12,"LC","ID","LC_ID",4,"1","1",340.2,NA,1,472
"473","05wyh",12,"LC","ID","LC_ID",5,"4","1",438.8,NA,1,473
"474","05wyh",12,"LC","ID","LC_ID",6,"5","1",491.7,NA,0,474
"475","05wyh",12,"LC","ID","LC_ID",7,"5","1",559.9,NA,0,475
"476","05wyh",12,"LC","ID","LC_ID",8,"5","1",648.6,NA,1,476
"477","05wyh",12,"LC","ID","LC_ID",9,"1","2",238.6,NA,0,477
"478","05wyh",12,"LC","ID","LC_ID",10,"1","2",207.7,NA,0,478
"479","05wyh",118,"HC","JH","HC_JH",1,"1","1",129.1,NA,0,479
"480","05wyh",118,"HC","JH","HC_JH",2,"1","1",214.6,NA,1,480
"481","05wyh",118,"HC","JH","HC_JH",3,"2","1",311.2,NA,1,481
"482","05wyh",118,"HC","JH","HC_JH",4,"4","1",392.4,NA,1,482
"483","05wyh",118,"HC","JH","HC_JH",5,"3","1",344.2,NA,1,483
"484","05wyh",118,"HC","JH","HC_JH",6,"5","1",498.9,NA,0,484
"485","05wyh",118,"HC","JH","HC_JH",7,"5","1",580.6,NA,0,485
"486","05wyh",118,"HC","JH","HC_JH",8,"5","1",605.9,NA,0,486
"487","05wyh",118,"HC","JH","HC_JH",9,"5","1",652.5,NA,1,487
"488","05wyh",118,"HC","JH","HC_JH",10,"1","2",308.7,NA,0,488
"489","05wyh",127,"HC","JH","HC_JH",1,"1","1",140,NA,1,489
"490","05wyh",127,"HC","JH","HC_JH",2,"2","1",232.1,NA,1,490
"491","05wyh",127,"HC","JH","HC_JH",3,"4","1",287.8,NA,1,491
"492","05wyh",127,"HC","JH","HC_JH",4,"5","1",349.5,NA,1,492
"493","05wyh",127,"HC","JH","HC_JH",5,"3","1",268.3,NA,1,493
"494","05wyh",127,"HC","JH","HC_JH",6,"5","2",424.5,NA,0,494
"495","05wyh",127,"HC","JH","HC_JH",7,"5","2",353,NA,0,495
"496","05wyh",127,"HC","JH","HC_JH",8,"5","2",479.7,NA,0,496
"497","05wyh",127,"HC","JH","HC_JH",9,"5","2",423.6,NA,0,497
"498","05wyh",127,"HC","JH","HC_JH",10,"5","2",594.5,NA,0,498
"499","05wyh",127,"HC","JH","HC_JH",11,"5","2",489.2,NA,1,499
"500","05wyh",98,"HC","JL","HC_JL",1,"1","1",122.1,NA,0,500
"501","05wyh",98,"HC","JL","HC_JL",2,"1","1",209.7,NA,0,501
"502","05wyh",98,"HC","JL","HC_JL",3,"1","1",273.8,NA,1,502
"503","05wyh",98,"HC","JL","HC_JL",4,"3","1",377,NA,1,503
"504","05wyh",98,"HC","JL","HC_JL",5,"4","1",427.1,NA,1,504
"505","05wyh",98,"HC","JL","HC_JL",6,"2","1",342.1,NA,1,505
"506","05wyh",98,"HC","JL","HC_JL",7,"5","1",519.9,NA,0,506
"507","05wyh",98,"HC","JL","HC_JL",8,"5","1",457.3,NA,0,507
"508","05wyh",98,"HC","JL","HC_JL",9,"5","1",565,NA,0,508
"509","05wyh",98,"HC","JL","HC_JL",10,"5","1",643.3,NA,1,509
"510","05wyh",46,"LC","JL","LC_JL",1,"1","1",140.1,NA,0,510
"511","05wyh",46,"LC","JL","LC_JL",2,"1","1",317.8,NA,0,511
"512","05wyh",46,"LC","JL","LC_JL",3,"1","1",404.2,NA,1,512
"513","05wyh",46,"LC","JL","LC_JL",4,"3","1",508.4,NA,1,513
"514","05wyh",46,"LC","JL","LC_JL",5,"4","1",561.5,NA,1,514
"515","05wyh",46,"LC","JL","LC_JL",6,"5","1",666.7,NA,1,515
"516","05wyh",56,"LC","JH","LC_JH",1,"1","1",133.7,NA,0,516
"517","05wyh",56,"LC","JH","LC_JH",2,"1","1",278.4,NA,1,517
"518","05wyh",56,"LC","JH","LC_JH",3,"2","1",376.3,NA,1,518
"519","05wyh",56,"LC","JH","LC_JH",4,"4","1",445.2,NA,1,519
"520","05wyh",56,"LC","JH","LC_JH",5,"1","2",324,NA,0,520
"521","05wyh",56,"LC","JH","LC_JH",6,"1","2",283.1,NA,1,521
"522","05wyh",56,"LC","JH","LC_JH",7,"2","2",396.7,NA,1,522
"523","05wyh",56,"LC","JH","LC_JH",8,"5","1",500.6,NA,0,523
"524","05wyh",56,"LC","JH","LC_JH",9,"5","1",586.5,NA,0,524
"525","05wyh",56,"LC","JH","LC_JH",10,"5","1",486.6,NA,0,525
"526","05wyh",56,"LC","JH","LC_JH",11,"5","1",648.1,NA,1,526
"527","05wyh",24,"LC","TP","LC_TP",1,"1","1",128.3,NA,0,527
"528","05wyh",24,"LC","TP","LC_TP",2,"1","1",230.5,NA,0,528
"529","05wyh",24,"LC","TP","LC_TP",3,"1","1",286.5,NA,1,529
"530","05wyh",24,"LC","TP","LC_TP",4,"3","1",388.1,NA,1,530
"531","05wyh",24,"LC","TP","LC_TP",5,"5","1",493,NA,0,531
"532","05wyh",24,"LC","TP","LC_TP",6,"5","1",452.2,NA,0,532
"533","05wyh",24,"LC","TP","LC_TP",7,"5","1",622.1,NA,0,533
"534","05wyh",24,"LC","TP","LC_TP",8,"5","1",571,NA,0,534
"535","05wyh",24,"LC","TP","LC_TP",9,"5","1",658.3,NA,1,535
"536","05wyh",24,"LC","TP","LC_TP",10,"1","2",284.1,NA,0,536
"537","05wyh",40,"LC","JL","LC_JL",1,"1","1",132.4,NA,0,537
"538","05wyh",40,"LC","JL","LC_JL",2,"1","1",207.6,NA,0,538
"539","05wyh",40,"LC","JL","LC_JL",3,"1","1",301.4,NA,0,539
"540","05wyh",40,"LC","JL","LC_JL",4,"1","1",382.4,NA,1,540
"541","05wyh",40,"LC","JL","LC_JL",5,"4","1",479.8,NA,1,541
"542","05wyh",40,"LC","JL","LC_JL",6,"5","1",532.5,NA,1,542
"543","05wyh",40,"LC","JL","LC_JL",7,"3","1",441.8,NA,1,543
"544","05wyh",40,"LC","JL","LC_JL",8,"5","2",621.4,NA,1,544
"545","05wyh",40,"LC","JL","LC_JL",9,"1","2",197.6,NA,0,545
"546","05wyh",16,"LC","ID","LC_ID",1,"1","1",106.8,NA,0,546
"547","05wyh",16,"LC","ID","LC_ID",2,"1","1",176.8,NA,1,547
"548","05wyh",16,"LC","ID","LC_ID",3,"2","1",283.7,NA,1,548
"549","05wyh",16,"LC","ID","LC_ID",4,"5","1",376.1,NA,0,549
"550","05wyh",16,"LC","ID","LC_ID",5,"5","1",454.6,NA,0,550
"551","05wyh",16,"LC","ID","LC_ID",6,"5","1",597.2,NA,0,551
"552","05wyh",16,"LC","ID","LC_ID",7,"5","1",466.5,NA,0,552
"553","05wyh",16,"LC","ID","LC_ID",8,"5","1",675.9,NA,1,553
"554","05wyh",8,"LC","ID","LC_ID",1,"1","1",120.6,NA,0,554
"555","05wyh",8,"LC","ID","LC_ID",2,"1","1",203.8,NA,0,555
"556","05wyh",8,"LC","ID","LC_ID",3,"1","1",292.1,NA,0,556
"557","05wyh",8,"LC","ID","LC_ID",4,"1","1",373.4,NA,0,557
"558","05wyh",8,"LC","ID","LC_ID",5,"1","1",460.9,NA,1,558
"559","05wyh",8,"LC","ID","LC_ID",6,"4","1",574.8,NA,1,559
"560","05wyh",8,"LC","ID","LC_ID",7,"2","1",531.9,NA,1,560
"561","05wyh",8,"LC","ID","LC_ID",8,"5","1",670.5,NA,1,561
"562","05wyh",8,"LC","ID","LC_ID",9,"4","2",599.7,NA,1,562
"563","05wyh",8,"LC","ID","LC_ID",10,"5","2",704,NA,1,563
"564","05wyh",8,"LC","ID","LC_ID",11,"1","2",153.1,NA,0,564
"565","05wyh",8,"LC","ID","LC_ID",12,"1","2",274.5,NA,0,565
"566","05wyh",8,"LC","ID","LC_ID",13,"1","2",374.7,NA,0,566
"567","05wyh",102,"HC","JL","HC_JL",1,"1","1",128.95,NA,0,567
"568","05wyh",102,"HC","JL","HC_JL",2,"1","1",242.5,NA,0,568
"569","05wyh",102,"HC","JL","HC_JL",3,"1","1",213.9,NA,0,569
"570","05wyh",102,"HC","JL","HC_JL",4,"1","1",268.9,NA,1,570
"571","05wyh",102,"HC","JL","HC_JL",5,"3","1",338.8,NA,1,571
"572","05wyh",102,"HC","JL","HC_JL",6,"5","1",424.3,NA,0,572
"573","05wyh",102,"HC","JL","HC_JL",7,"5","1",513.7,NA,0,573
"574","05wyh",102,"HC","JL","HC_JL",8,"5","1",633.9,NA,1,574
"575","05wyh",93,"HC","TP","HC_TP",1,"1","1",113.9,NA,0,575
"576","05wyh",93,"HC","TP","HC_TP",2,"1","1",209.4,NA,0,576
"577","05wyh",93,"HC","TP","HC_TP",3,"1","1",282.1,NA,0,577
"578","05wyh",93,"HC","TP","HC_TP",4,"1","1",314.1,NA,0,578
"579","05wyh",93,"HC","TP","HC_TP",5,"1","1",431.1,NA,1,579
"580","05wyh",93,"HC","TP","HC_TP",6,"4","1",550,NA,1,580
"581","05wyh",93,"HC","TP","HC_TP",7,"5","1",639.9,NA,0,581
"582","05wyh",93,"HC","TP","HC_TP",8,"5","1",711.5,NA,1,582
"583","05wyh",15,"LC","ID","LC_ID",1,"1","1",131.4,NA,0,583
"584","05wyh",15,"LC","ID","LC_ID",2,"1","1",223.8,NA,0,584
"585","05wyh",15,"LC","ID","LC_ID",3,"1","1",289.3,NA,0,585
"586","05wyh",15,"LC","ID","LC_ID",4,"1","1",243.3,NA,1,586
"587","05wyh",15,"LC","ID","LC_ID",5,"2","1",339,NA,1,587
"588","05wyh",15,"LC","ID","LC_ID",6,"5","1",496.5,NA,0,588
"589","05wyh",15,"LC","ID","LC_ID",7,"5","1",552.5,NA,0,589
"590","05wyh",15,"LC","ID","LC_ID",8,"5","1",462.8,NA,1,590
"591","05wyh",15,"LC","ID","LC_ID",9,"3","1",369.9,NA,1,591
"592","05wyh",15,"LC","ID","LC_ID",10,"5","2",473.2,NA,0,592
"593","05wyh",15,"LC","ID","LC_ID",11,"5","2",519.6,NA,0,593
"594","05wyh",15,"LC","ID","LC_ID",12,"5","2",442.2,NA,0,594
"595","05wyh",15,"LC","ID","LC_ID",13,"5","2",496,NA,0,595
"596","05wyh",15,"LC","ID","LC_ID",14,"5","2",548.7,NA,0,596
"597","05wyh",15,"LC","ID","LC_ID",15,"5","2",511.5,NA,0,597
"598","05wyh",15,"LC","ID","LC_ID",16,"5","2",641.8,NA,1,598
"599","05wyh",4,"LC","ID","LC_ID",1,"1","1",123,NA,0,599
"600","05wyh",4,"LC","ID","LC_ID",2,"1","1",212.5,NA,0,600
"601","05wyh",4,"LC","ID","LC_ID",3,"1","1",282.4,NA,1,601
"602","05wyh",4,"LC","ID","LC_ID",4,"2","1",368,NA,1,602
"603","05wyh",4,"LC","ID","LC_ID",5,"1","2",285.1,NA,1,603
"604","05wyh",4,"LC","ID","LC_ID",6,"3","1",392.1,NA,1,604
"605","05wyh",4,"LC","ID","LC_ID",7,"5","1",511.9,NA,0,605
"606","05wyh",4,"LC","ID","LC_ID",8,"5","1",565.1,NA,0,606
"607","05wyh",4,"LC","ID","LC_ID",9,"5","1",630.7,NA,1,607
"608","05wyh",57,"LC","JH","LC_JH",1,"1","1",132.5,NA,0,608
"609","05wyh",57,"LC","JH","LC_JH",2,"1","1",213.9,NA,0,609
"610","05wyh",57,"LC","JH","LC_JH",3,"1","1",273.4,NA,1,610
"611","05wyh",57,"LC","JH","LC_JH",4,"2","1",349.5,NA,1,611
"612","05wyh",57,"LC","JH","LC_JH",5,"3","1",394.9,NA,1,612
"613","05wyh",57,"LC","JH","LC_JH",6,"1","2",340.6,NA,1,613
"614","05wyh",57,"LC","JH","LC_JH",7,"3","2",401,NA,1,614
"615","05wyh",57,"LC","JH","LC_JH",8,"5","1",489.2,NA,0,615
"616","05wyh",57,"LC","JH","LC_JH",9,"5","1",541.5,NA,0,616
"617","05wyh",57,"LC","JH","LC_JH",10,"5","1",597.6,NA,1,617
"618","05wyh",38,"LC","JL","LC_JL",1,"1","1",134.9,NA,0,618
"619","05wyh",38,"LC","JL","LC_JL",2,"1","1",210.3,NA,0,619
"620","05wyh",38,"LC","JL","LC_JL",3,"1","1",281.5,NA,0,620
"621","05wyh",38,"LC","JL","LC_JL",4,"1","1",366.5,NA,1,621
"622","05wyh",38,"LC","JL","LC_JL",5,"2","1",467.1,NA,1,622
"623","05wyh",38,"LC","JL","LC_JL",6,"5","1",542.1,NA,1,623
"624","05wyh",38,"LC","JL","LC_JL",7,"3","1",498.6,NA,1,624
"625","05wyh",38,"LC","JL","LC_JL",8,"5","2",607.4,NA,0,625
"626","05wyh",38,"LC","JL","LC_JL",9,"5","2",635.5,NA,0,626
"627","05wyh",38,"LC","JL","LC_JL",10,"5","2",569,NA,1,627
"628","05wyh",38,"LC","JL","LC_JL",11,"2","2",471.4,NA,1,628
"629","05wyh",38,"LC","JL","LC_JL",12,"1","2",400.1,NA,0,629
"630","05wyh",90,"HC","TP","HC_TP",1,"1","1",115.9,NA,0,630
"631","05wyh",90,"HC","TP","HC_TP",2,"1","1",197.1,NA,0,631
"632","05wyh",90,"HC","TP","HC_TP",3,"1","1",287.6,NA,0,632
"633","05wyh",90,"HC","TP","HC_TP",4,"1","1",347.9,NA,0,633
"634","05wyh",90,"HC","TP","HC_TP",5,"1","1",332.9,NA,0,634
"635","05wyh",90,"HC","TP","HC_TP",6,"1","1",355.3,NA,1,635
"636","05wyh",90,"HC","TP","HC_TP",7,"2","1",387.2,NA,1,636
"637","05wyh",90,"HC","TP","HC_TP",8,"4","1",450.9,NA,1,637
"638","05wyh",90,"HC","TP","HC_TP",9,"5","1",492.9,NA,0,638
"639","05wyh",90,"HC","TP","HC_TP",10,"5","1",586.8,NA,1,639
"640","05wyh",117,"HC","JH","HC_JH",1,"1","1",134.6,NA,0,640
"641","05wyh",117,"HC","JH","HC_JH",2,"1","1",280.6,NA,0,641
"642","05wyh",117,"HC","JH","HC_JH",3,"1","1",221,NA,0,642
"643","05wyh",117,"HC","JH","HC_JH",4,"1","1",327.8,NA,0,643
"644","05wyh",117,"HC","JH","HC_JH",5,"1","1",379.8,NA,1,644
"645","05wyh",117,"HC","JH","HC_JH",6,"2","1",451.1,NA,1,645
"646","05wyh",117,"HC","JH","HC_JH",7,"4","1",510.5,NA,0,646
"647","05wyh",117,"HC","JH","HC_JH",8,"4","1",520.8,NA,1,647
"648","05wyh",117,"HC","JH","HC_JH",9,"5","1",676,NA,0,648
"649","05wyh",117,"HC","JH","HC_JH",10,"5","1",558.7,NA,1,649
"650","05wyh",117,"HC","JH","HC_JH",11,"1","2",257.9,NA,0,650
"651","05wyh",104,"HC","JL","HC_JL",1,"1","1",121.6,NA,0,651
"652","05wyh",104,"HC","JL","HC_JL",2,"1","1",220.2,NA,0,652
"653","05wyh",104,"HC","JL","HC_JL",3,"1","1",321.7,NA,1,653
"654","05wyh",104,"HC","JL","HC_JL",4,"2","1",456.1,NA,1,654
"655","05wyh",104,"HC","JL","HC_JL",5,"4","1",522.6,NA,1,655
"656","05wyh",104,"HC","JL","HC_JL",6,"3","1",496.5,NA,1,656
"657","05wyh",104,"HC","JL","HC_JL",7,"5","1",614.5,NA,0,657
"658","05wyh",104,"HC","JL","HC_JL",8,"5","1",685.8,NA,0,658
"659","05wyh",104,"HC","JL","HC_JL",9,"5","1",718.2,NA,1,659
"660","05wyh",104,"HC","JL","HC_JL",10,"1","2",319.4,NA,0,660
"661","05wyh",100,"HC","JL","HC_JL",1,"1","1",137.3,NA,0,661
"662","05wyh",100,"HC","JL","HC_JL",2,"1","1",254.2,NA,0,662
"663","05wyh",100,"HC","JL","HC_JL",3,"1","1",205.9,NA,0,663
"664","05wyh",100,"HC","JL","HC_JL",4,"1","1",260.1,NA,1,664
"665","05wyh",100,"HC","JL","HC_JL",5,"4","1",341.6,NA,1,665
"666","05wyh",100,"HC","JL","HC_JL",6,"5","1",401.4,NA,0,666
"667","05wyh",100,"HC","JL","HC_JL",7,"5","1",506.8,NA,0,667
"668","05wyh",100,"HC","JL","HC_JL",8,"5","1",415.8,NA,0,668
"669","05wyh",100,"HC","JL","HC_JL",9,"5","1",521.3,NA,0,669
"670","05wyh",100,"HC","JL","HC_JL",10,"5","1",667.1,NA,0,670
"671","05wyh",100,"HC","JL","HC_JL",11,"5","1",602.8,NA,0,671
"672","05wyh",100,"HC","JL","HC_JL",12,"5","1",715.1,NA,1,672
"673","05wyh",64,"LC","JH","LC_JH",1,"1","1",144.6,NA,0,673
"674","05wyh",64,"LC","JH","LC_JH",2,"1","1",224.4,NA,0,674
"675","05wyh",64,"LC","JH","LC_JH",3,"1","1",307.3,NA,1,675
"676","05wyh",64,"LC","JH","LC_JH",4,"2","1",358.6,NA,1,676
"677","05wyh",64,"LC","JH","LC_JH",5,"4","1",425.4,NA,1,677
"678","05wyh",64,"LC","JH","LC_JH",6,"2","2",357,NA,1,678
"679","05wyh",64,"LC","JH","LC_JH",7,"5","1",558.7,NA,0,679
"680","05wyh",64,"LC","JH","LC_JH",8,"5","1",587.2,NA,1,680
"681","05wyh",64,"LC","JH","LC_JH",9,"1","2",248.7,NA,0,681
"682","05wyh",79,"HC","ID","HC_ID",1,"1","1",111.3,NA,0,682
"683","05wyh",79,"HC","ID","HC_ID",2,"1","1",221.2,NA,1,683
"684","05wyh",79,"HC","ID","HC_ID",3,"4","1",312.5,NA,1,684
"685","05wyh",79,"HC","ID","HC_ID",4,"5","1",408.9,NA,0,685
"686","05wyh",79,"HC","ID","HC_ID",5,"5","1",534.5,NA,0,686
"687","05wyh",79,"HC","ID","HC_ID",6,"5","1",449.3,NA,0,687
"688","05wyh",79,"HC","ID","HC_ID",7,"5","1",629.4,NA,0,688
"689","05wyh",79,"HC","ID","HC_ID",8,"5","1",669.2,NA,0,689
"690","05wyh",79,"HC","ID","HC_ID",9,"5","1",723.7,NA,1,690
"691","05wyh",10,"LC","ID","LC_ID",1,"1","1",135.6,NA,0,691
"692","05wyh",10,"LC","ID","LC_ID",2,"1","1",230.4,NA,0,692
"693","05wyh",10,"LC","ID","LC_ID",3,"1","1",321.5,NA,1,693
"694","05wyh",10,"LC","ID","LC_ID",4,"2","1",414.1,NA,1,694
"695","05wyh",10,"LC","ID","LC_ID",5,"1","2",377.4,NA,1,695
"696","05wyh",10,"LC","ID","LC_ID",6,"4","1",479.3,NA,1,696
"697","05wyh",10,"LC","ID","LC_ID",7,"5","1",547.5,NA,0,697
"698","05wyh",10,"LC","ID","LC_ID",8,"5","1",636.3,NA,0,698
"699","05wyh",10,"LC","ID","LC_ID",9,"5","1",687.3,NA,1,699
"700","05wyh",113,"HC","JH","HC_JH",1,"1","1",128.2,NA,0,700
"701","05wyh",113,"HC","JH","HC_JH",2,"1","1",121.9,NA,0,701
"702","05wyh",113,"HC","JH","HC_JH",3,"1","1",235.35,NA,0,702
"703","05wyh",113,"HC","JH","HC_JH",4,"1","1",214.65,NA,1,703
"704","05wyh",113,"HC","JH","HC_JH",5,"5","1",345.7,NA,1,704
"705","05wyh",113,"HC","JH","HC_JH",6,"3","1",304,NA,1,705
"706","05wyh",113,"HC","JH","HC_JH",7,"5","2",427.2,NA,0,706
"707","05wyh",113,"HC","JH","HC_JH",8,"5","2",514.9,NA,0,707
"708","05wyh",113,"HC","JH","HC_JH",9,"5","2",465.3,NA,0,708
"709","05wyh",113,"HC","JH","HC_JH",10,"5","2",514.5,NA,0,709
"710","05wyh",113,"HC","JH","HC_JH",11,"5","2",589.5,NA,0,710
"711","05wyh",113,"HC","JH","HC_JH",12,"5","2",637.8,NA,0,711
"712","05wyh",113,"HC","JH","HC_JH",13,"5","2",425.8,NA,1,712
"713","05wyh",113,"HC","JH","HC_JH",14,"1","2",186.2,NA,0,713
"714","05wyh",29,"LC","TP","LC_TP",1,"1","1",117.4,NA,0,714
"715","05wyh",29,"LC","TP","LC_TP",2,"1","1",187.5,NA,0,715
"716","05wyh",29,"LC","TP","LC_TP",3,"1","1",164.3,NA,0,716
"717","05wyh",29,"LC","TP","LC_TP",4,"1","1",324.5,NA,1,717
"718","05wyh",29,"LC","TP","LC_TP",5,"2","1",406.9,NA,1,718
"719","05wyh",29,"LC","TP","LC_TP",6,"5","1",488.9,NA,1,719
"720","05wyh",29,"LC","TP","LC_TP",7,"3","1",421.8,NA,1,720
"721","05wyh",29,"LC","TP","LC_TP",8,"5","2",565.2,NA,0,721
"722","05wyh",29,"LC","TP","LC_TP",9,"5","2",608.4,NA,0,722
"723","05wyh",29,"LC","TP","LC_TP",10,"5","2",486.8,NA,1,723
"724","05wyh",29,"LC","TP","LC_TP",11,"1","2",209.1,NA,0,724
"725","05wyh",18,"LC","TP","LC_TP",1,"1","1",118.4,NA,0,725
"726","05wyh",18,"LC","TP","LC_TP",2,"1","1",153.4,NA,0,726
"727","05wyh",18,"LC","TP","LC_TP",3,"1","1",251.4,NA,0,727
"728","05wyh",18,"LC","TP","LC_TP",4,"1","1",345.5,NA,1,728
"729","05wyh",18,"LC","TP","LC_TP",5,"3","1",436.4,NA,1,729
"730","05wyh",18,"LC","TP","LC_TP",6,"5","1",506.1,NA,1,730
"731","05wyh",18,"LC","TP","LC_TP",7,"2","1",402.2,NA,1,731
"732","05wyh",18,"LC","TP","LC_TP",8,"4","1",463,NA,1,732
"733","05wyh",18,"LC","TP","LC_TP",9,"5","2",534.4,NA,0,733
"734","05wyh",18,"LC","TP","LC_TP",10,"5","2",600.2,NA,0,734
"735","05wyh",18,"LC","TP","LC_TP",11,"5","2",538,NA,1,735
"736","05wyh",77,"HC","ID","HC_ID",1,"1","1",116.5,NA,0,736
"737","05wyh",77,"HC","ID","HC_ID",2,"1","1",197.3,NA,0,737
"738","05wyh",77,"HC","ID","HC_ID",3,"1","1",268.6,NA,0,738
"739","05wyh",77,"HC","ID","HC_ID",4,"1","1",363.5,NA,1,739
"740","05wyh",77,"HC","ID","HC_ID",5,"3","1",437.7,NA,1,740
"741","05wyh",77,"HC","ID","HC_ID",6,"5","1",514,NA,0,741
"742","05wyh",77,"HC","ID","HC_ID",7,"5","1",575.4,NA,0,742
"743","05wyh",77,"HC","ID","HC_ID",8,"5","1",671.6,NA,1,743
"744","05wyh",23,"LC","TP","LC_TP",1,"1","1",122.6,NA,0,744
"745","05wyh",23,"LC","TP","LC_TP",2,"1","1",205.8,NA,0,745
"746","05wyh",23,"LC","TP","LC_TP",3,"1","1",239,NA,0,746
"747","05wyh",23,"LC","TP","LC_TP",4,"1","1",165,NA,0,747
"748","05wyh",23,"LC","TP","LC_TP",5,"1","1",239,NA,1,748
"749","05wyh",23,"LC","TP","LC_TP",6,"2","1",335.6,NA,1,749
"750","05wyh",23,"LC","TP","LC_TP",7,"1","2",304.1,NA,1,750
"751","05wyh",23,"LC","TP","LC_TP",8,"3","1",364.1,NA,1,751
"752","05wyh",23,"LC","TP","LC_TP",9,"1","3",298.3,NA,1,752
"753","05wyh",23,"LC","TP","LC_TP",10,"3","2",346.2,NA,1,753
"754","05wyh",23,"LC","TP","LC_TP",11,"1","4",259.1,NA,1,754
"755","05wyh",23,"LC","TP","LC_TP",12,"4","1",402,NA,1,755
"756","05wyh",23,"LC","TP","LC_TP",13,"5","1",475.6,NA,0,756
"757","05wyh",23,"LC","TP","LC_TP",14,"5","1",563.7,NA,0,757
"758","05wyh",23,"LC","TP","LC_TP",15,"5","1",469.9,NA,0,758
"759","05wyh",23,"LC","TP","LC_TP",16,"5","1",664.2,NA,0,759
"760","05wyh",23,"LC","TP","LC_TP",17,"5","1",750.5,NA,1,760
"761","05wyh",108,"HC","JL","HC_JL",1,"1","1",129.7,NA,0,761
"762","05wyh",108,"HC","JL","HC_JL",2,"1","1",214,NA,0,762
"763","05wyh",108,"HC","JL","HC_JL",3,"1","1",188.8,NA,1,763
"764","05wyh",108,"HC","JL","HC_JL",4,"2","1",318.8,NA,1,764
"765","05wyh",108,"HC","JL","HC_JL",5,"4","1",395.7,NA,1,765
"766","05wyh",108,"HC","JL","HC_JL",6,"3","1",341.5,NA,1,766
"767","05wyh",108,"HC","JL","HC_JL",7,"5","1",464,NA,0,767
"768","05wyh",108,"HC","JL","HC_JL",8,"5","1",559.9,NA,0,768
"769","05wyh",108,"HC","JL","HC_JL",9,"5","1",632,NA,1,769
"770","05wyh",108,"HC","JL","HC_JL",10,"1","2",177.9,NA,0,770
"771","05wyh",31,"LC","TP","LC_TP",1,"1","1",127.3,NA,0,771
"772","05wyh",31,"LC","TP","LC_TP",2,"1","1",201,NA,0,772
"773","05wyh",31,"LC","TP","LC_TP",3,"1","1",189.7,NA,0,773
"774","05wyh",31,"LC","TP","LC_TP",4,"1","1",250.4,NA,1,774
"775","05wyh",31,"LC","TP","LC_TP",5,"3","1",357.2,NA,1,775
"776","05wyh",31,"LC","TP","LC_TP",6,"5","1",454.7,NA,0,776
"777","05wyh",31,"LC","TP","LC_TP",7,"5","1",542.4,NA,0,777
"778","05wyh",31,"LC","TP","LC_TP",8,"5","1",608.8,NA,1,778
"779","05wyh",111,"HC","JL","HC_JL",1,"1","1",122.1,NA,0,779
"780","05wyh",111,"HC","JL","HC_JL",2,"1","1",215.1,NA,0,780
"781","05wyh",111,"HC","JL","HC_JL",3,"1","1",308,NA,0,781
"782","05wyh",111,"HC","JL","HC_JL",4,"1","1",352.6,NA,1,782
"783","05wyh",111,"HC","JL","HC_JL",5,"3","1",446.5,NA,0,783
"784","05wyh",111,"HC","JL","HC_JL",6,"3","1",470.7,NA,1,784
"785","05wyh",111,"HC","JL","HC_JL",7,"5","1",568.6,NA,1,785
"786","05wyh",111,"HC","JL","HC_JL",8,"1","2",381.3,NA,0,786
"787","05wyh",111,"HC","JL","HC_JL",9,"1","2",317,NA,1,787
"788","05wyh",111,"HC","JL","HC_JL",10,"3","2",454.7,NA,1,788
"789","05wyh",111,"HC","JL","HC_JL",11,"5","2",574.4,NA,0,789
"790","05wyh",111,"HC","JL","HC_JL",12,"5","2",645.8,NA,1,790
"791","05wyh",111,"HC","JL","HC_JL",13,"1","3",121.1,NA,0,791
"792","05wyh",120,"HC","JH","HC_JH",1,"1","1",124.4,NA,0,792
"793","05wyh",120,"HC","JH","HC_JH",2,"1","1",236,NA,1,793
"794","05wyh",120,"HC","JH","HC_JH",3,"3","1",290.9,NA,1,794
"795","05wyh",120,"HC","JH","HC_JH",4,"4","1",317.3,NA,1,795
"796","05wyh",120,"HC","JH","HC_JH",5,"5","1",405.8,NA,0,796
"797","05wyh",120,"HC","JH","HC_JH",6,"5","1",519.6,NA,0,797
"798","05wyh",120,"HC","JH","HC_JH",7,"5","1",617.8,NA,0,798
"799","05wyh",120,"HC","JH","HC_JH",8,"5","1",681.9,NA,1,799
"800","05wyh",80,"HC","ID","HC_ID",1,"1","1",118.9,NA,0,800
"801","05wyh",80,"HC","ID","HC_ID",2,"1","1",201.3,NA,0,801
"802","05wyh",80,"HC","ID","HC_ID",3,"1","1",281.2,NA,0,802
"803","05wyh",80,"HC","ID","HC_ID",4,"1","1",187.5,NA,0,803
"804","05wyh",80,"HC","ID","HC_ID",5,"1","1",326.8,NA,1,804
"805","05wyh",80,"HC","ID","HC_ID",6,"4","1",456.9,NA,1,805
"806","05wyh",80,"HC","ID","HC_ID",7,"5","1",561.3,NA,0,806
"807","05wyh",80,"HC","ID","HC_ID",8,"5","1",628.9,NA,0,807
"808","05wyh",80,"HC","ID","HC_ID",9,"5","1",682.7,NA,1,808
"809","05wyh",47,"LC","JL","LC_JL",1,"1","1",129.8,NA,0,809
"810","05wyh",47,"LC","JL","LC_JL",2,"1","1",233.5,NA,0,810
"811","05wyh",47,"LC","JL","LC_JL",3,"1","1",182.4,NA,0,811
"812","05wyh",47,"LC","JL","LC_JL",4,"1","1",281.4,NA,0,812
"813","05wyh",47,"LC","JL","LC_JL",5,"1","1",355.9,NA,1,813
"814","05wyh",47,"LC","JL","LC_JL",6,"4","1",448.1,NA,1,814
"815","05wyh",47,"LC","JL","LC_JL",7,"5","1",565.2,NA,1,815
"816","05wyh",47,"LC","JL","LC_JL",8,"3","1",429.7,NA,1,816
"817","05wyh",121,"HC","JH","HC_JH",1,"1","1",133.6,NA,0,817
"818","05wyh",121,"HC","JH","HC_JH",2,"1","1",239.1,NA,0,818
"819","05wyh",121,"HC","JH","HC_JH",3,"1","1",296.6,NA,1,819
"820","05wyh",121,"HC","JH","HC_JH",4,"2","1",415.1,NA,1,820
"821","05wyh",121,"HC","JH","HC_JH",5,"4","1",478.2,NA,1,821
"822","05wyh",121,"HC","JH","HC_JH",6,"5","1",619.9,NA,0,822
"823","05wyh",121,"HC","JH","HC_JH",7,"5","1",659.2,NA,1,823
"824","05wyh",76,"HC","ID","HC_ID",1,"1","1",119.9,NA,0,824
"825","05wyh",76,"HC","ID","HC_ID",2,"1","1",218.9,NA,1,825
"826","05wyh",76,"HC","ID","HC_ID",3,"2","1",302.5,NA,1,826
"827","05wyh",76,"HC","ID","HC_ID",4,"5","1",446.2,NA,0,827
"828","05wyh",76,"HC","ID","HC_ID",5,"5","1",486.8,NA,0,828
"829","05wyh",76,"HC","ID","HC_ID",6,"5","1",566.4,NA,0,829
"830","05wyh",76,"HC","ID","HC_ID",7,"5","1",459.9,NA,0,830
"831","05wyh",76,"HC","ID","HC_ID",8,"5","1",625.9,NA,1,831
"832","05wyh",58,"LC","JH","LC_JH",1,"1","1",128.8,NA,0,832
"833","05wyh",58,"LC","JH","LC_JH",2,"1","1",249.3,NA,0,833
"834","05wyh",58,"LC","JH","LC_JH",3,"1","1",328.2,NA,1,834
"835","05wyh",58,"LC","JH","LC_JH",4,"4","1",418,NA,1,835
"836","05wyh",58,"LC","JH","LC_JH",5,"3","1",388.5,NA,1,836
"837","05wyh",58,"LC","JH","LC_JH",6,"5","1",518.9,NA,0,837
"838","05wyh",58,"LC","JH","LC_JH",7,"5","1",574.2,NA,0,838
"839","05wyh",58,"LC","JH","LC_JH",8,"5","1",622.3,NA,1,839
"840","05wyh",72,"HC","ID","HC_ID",1,"1","1",154.8,NA,0,840
"841","05wyh",72,"HC","ID","HC_ID",2,"1","1",255.2,NA,1,841
"842","05wyh",72,"HC","ID","HC_ID",3,"3","1",331.1,NA,1,842
"843","05wyh",72,"HC","ID","HC_ID",4,"5","1",432.6,NA,0,843
"844","05wyh",72,"HC","ID","HC_ID",5,"5","1",510.2,NA,0,844
"845","05wyh",72,"HC","ID","HC_ID",6,"5","1",575.2,NA,0,845
"846","05wyh",72,"HC","ID","HC_ID",7,"5","1",667.7,NA,0,846
"847","05wyh",72,"HC","ID","HC_ID",8,"5","1",528.9,NA,0,847
"848","05wyh",72,"HC","ID","HC_ID",9,"5","1",691.6,NA,1,848
"849","05wyh",85,"HC","TP","HC_TP",1,"1","1",132.3,NA,0,849
"850","05wyh",85,"HC","TP","HC_TP",2,"1","1",228.3,NA,1,850
"851","05wyh",85,"HC","TP","HC_TP",3,"2","1",365.2,NA,1,851
"852","05wyh",85,"HC","TP","HC_TP",4,"1","2",328.9,NA,1,852
"853","05wyh",85,"HC","TP","HC_TP",5,"5","1",448.4,NA,1,853
"854","05wyh",85,"HC","TP","HC_TP",6,"3","1",401.8,NA,1,854
"855","05wyh",85,"HC","TP","HC_TP",7,"5","2",578.3,NA,0,855
"856","05wyh",85,"HC","TP","HC_TP",8,"5","2",632.5,NA,0,856
"857","05wyh",85,"HC","TP","HC_TP",9,"5","2",686.4,NA,1,857
"858","05wyh",85,"HC","TP","HC_TP",10,"1","3",243.2,NA,0,858
"859","05wyh",85,"HC","TP","HC_TP",11,"1","3",162.9,NA,0,859
"860","05wyh",7,"LC","ID","LC_ID",1,"1","1",134.3,NA,0,860
"861","05wyh",7,"LC","ID","LC_ID",2,"1","1",238.5,NA,0,861
"862","05wyh",7,"LC","ID","LC_ID",3,"1","1",354.8,NA,0,862
"863","05wyh",7,"LC","ID","LC_ID",4,"1","1",436.5,NA,1,863
"864","05wyh",7,"LC","ID","LC_ID",5,"5","1",620.7,NA,0,864
"865","05wyh",7,"LC","ID","LC_ID",6,"5","1",743.6,NA,1,865
"866","05wyh",7,"LC","ID","LC_ID",7,"1","2",222.1,NA,0,866
"867","05wyh",43,"LC","JL","LC_JL",1,"1","1",127.9,NA,0,867
"868","05wyh",43,"LC","JL","LC_JL",2,"1","1",205.1,NA,1,868
"869","05wyh",43,"LC","JL","LC_JL",3,"3","1",287.3,NA,1,869
"870","05wyh",43,"LC","JL","LC_JL",4,"5","1",383.8,NA,0,870
"871","05wyh",43,"LC","JL","LC_JL",5,"5","1",475,NA,0,871
"872","05wyh",43,"LC","JL","LC_JL",6,"5","1",560.6,NA,0,872
"873","05wyh",43,"LC","JL","LC_JL",7,"5","1",660.9,NA,0,873
"874","05wyh",43,"LC","JL","LC_JL",8,"5","1",595.9,NA,1,874
"875","05wyh",17,"LC","TP","LC_TP",1,"1","1",121.7,NA,0,875
"876","05wyh",17,"LC","TP","LC_TP",2,"1","1",211.6,NA,1,876
"877","05wyh",17,"LC","TP","LC_TP",3,"2","1",308.1,NA,0,877
"878","05wyh",17,"LC","TP","LC_TP",4,"2","1",339.2,NA,1,878
"879","05wyh",17,"LC","TP","LC_TP",5,"5","1",414,NA,1,879
"880","05wyh",17,"LC","TP","LC_TP",6,"3","1",345.8,NA,1,880
"881","05wyh",17,"LC","TP","LC_TP",7,"4","1",378.1,NA,1,881
"882","05wyh",17,"LC","TP","LC_TP",8,"5","2",467.3,NA,0,882
"883","05wyh",17,"LC","TP","LC_TP",9,"5","2",539.6,NA,0,883
"884","05wyh",17,"LC","TP","LC_TP",10,"5","2",442.5,NA,0,884
"885","05wyh",17,"LC","TP","LC_TP",11,"5","2",601,NA,1,885
"886","05wyh",17,"LC","TP","LC_TP",12,"1","2",228,NA,0,886
"887","05wyh",17,"LC","TP","LC_TP",13,"1","2",177.5,NA,0,887
"888","05wyh",19,"LC","TP","LC_TP",1,"1","1",120.9,NA,0,888
"889","05wyh",19,"LC","TP","LC_TP",2,"1","1",192.3,NA,0,889
"890","05wyh",19,"LC","TP","LC_TP",3,"1","1",278.5,NA,0,890
"891","05wyh",19,"LC","TP","LC_TP",4,"1","1",339.4,NA,0,891
"892","05wyh",19,"LC","TP","LC_TP",5,"1","1",452.9,NA,1,892
"893","05wyh",19,"LC","TP","LC_TP",6,"4","1",543.8,NA,1,893
"894","05wyh",19,"LC","TP","LC_TP",7,"5","1",638.7,NA,0,894
"895","05wyh",19,"LC","TP","LC_TP",8,"5","1",697.7,NA,1,895
"896","05wyh",6,"LC","ID","LC_ID",1,"1","1",144.9,NA,1,896
"897","05wyh",6,"LC","ID","LC_ID",2,"2","1",251.7,NA,1,897
"898","05wyh",6,"LC","ID","LC_ID",3,"5","1",345.5,NA,1,898
"899","05wyh",6,"LC","ID","LC_ID",4,"3","1",300.7,NA,1,899
"900","05wyh",6,"LC","ID","LC_ID",5,"5","2",381.2,NA,1,900
"901","05wyh",6,"LC","ID","LC_ID",6,"4","1",316.4,NA,1,901
"902","05wyh",6,"LC","ID","LC_ID",7,"5","3",360.1,NA,0,902
"903","05wyh",6,"LC","ID","LC_ID",8,"5","3",433.7,NA,0,903
"904","05wyh",6,"LC","ID","LC_ID",9,"5","3",537.1,NA,0,904
"905","05wyh",6,"LC","ID","LC_ID",10,"5","3",597.5,NA,0,905
"906","05wyh",6,"LC","ID","LC_ID",11,"5","3",442.4,NA,0,906
"907","05wyh",6,"LC","ID","LC_ID",12,"5","3",669.9,NA,1,907
"908","05wyh",27,"LC","TP","LC_TP",1,"1","1",127.9,NA,0,908
"909","05wyh",27,"LC","TP","LC_TP",2,"1","1",220.5,NA,1,909
"910","05wyh",27,"LC","TP","LC_TP",3,"4","1",349.6,NA,1,910
"911","05wyh",27,"LC","TP","LC_TP",4,"5","1",443.8,NA,1,911
"912","05wyh",27,"LC","TP","LC_TP",5,"3","1",318.5,NA,1,912
"913","05wyh",27,"LC","TP","LC_TP",6,"5","2",469.5,NA,0,913
"914","05wyh",27,"LC","TP","LC_TP",7,"5","2",556,NA,0,914
"915","05wyh",27,"LC","TP","LC_TP",8,"5","2",629.3,NA,0,915
"916","05wyh",27,"LC","TP","LC_TP",9,"5","2",540.3,NA,0,916
"917","05wyh",27,"LC","TP","LC_TP",10,"5","2",657.4,NA,1,917
"918","05wyh",21,"LC","TP","LC_TP",1,"1","1",124.4,NA,0,918
"919","05wyh",21,"LC","TP","LC_TP",2,"1","1",255.2,NA,1,919
"920","05wyh",21,"LC","TP","LC_TP",3,"2","1",311.7,NA,1,920
"921","05wyh",21,"LC","TP","LC_TP",4,"3","1",345.1,NA,1,921
"922","05wyh",21,"LC","TP","LC_TP",5,"5","1",482.4,NA,0,922
"923","05wyh",21,"LC","TP","LC_TP",6,"5","1",559.4,NA,0,923
"924","05wyh",21,"LC","TP","LC_TP",7,"5","1",646.6,NA,1,924
"925","05wyh",21,"LC","TP","LC_TP",8,"2","2",327.5,NA,1,925
"926","05wyh",21,"LC","TP","LC_TP",9,"1","2",261.7,NA,1,926
"927","05wyh",21,"LC","TP","LC_TP",10,"2","3",314.4,NA,1,927
"928","05wyh",62,"LC","JH","LC_JH",1,"1","1",125.9,NA,0,928
"929","05wyh",62,"LC","JH","LC_JH",2,"1","1",170.2,NA,0,929
"930","05wyh",62,"LC","JH","LC_JH",3,"1","1",268.4,NA,0,930
"931","05wyh",62,"LC","JH","LC_JH",4,"1","1",358.4,NA,1,931
"932","05wyh",62,"LC","JH","LC_JH",5,"2","1",437.5,NA,1,932
"933","05wyh",62,"LC","JH","LC_JH",6,"1","2",370.7,NA,0,933
"934","05wyh",62,"LC","JH","LC_JH",7,"1","2",406.7,NA,1,934
"935","05wyh",62,"LC","JH","LC_JH",8,"3","1",455.6,NA,1,935
"936","05wyh",62,"LC","JH","LC_JH",9,"5","1",546.1,NA,0,936
"937","05wyh",62,"LC","JH","LC_JH",10,"5","1",609.6,NA,1,937
"938","05wyh",62,"LC","JH","LC_JH",11,"1","3",299.1,NA,0,938
"939","05wyh",41,"LC","JL","LC_JL",1,"1","1",136.8,NA,0,939
"940","05wyh",41,"LC","JL","LC_JL",2,"1","1",227.3,NA,0,940
"941","05wyh",41,"LC","JL","LC_JL",3,"1","1",326.9,NA,1,941
"942","05wyh",41,"LC","JL","LC_JL",4,"2","1",417.3,NA,1,942
"943","05wyh",41,"LC","JL","LC_JL",5,"4","1",502.5,NA,1,943
"944","05wyh",41,"LC","JL","LC_JL",6,"1","2",385.9,NA,1,944
"945","05wyh",41,"LC","JL","LC_JL",7,"5","1",511.2,NA,0,945
"946","05wyh",41,"LC","JL","LC_JL",8,"5","1",577.1,NA,0,946
"947","05wyh",41,"LC","JL","LC_JL",9,"5","1",650,NA,0,947
"948","05wyh",41,"LC","JL","LC_JL",10,"5","1",703.2,NA,1,948
"949","05wyh",41,"LC","JL","LC_JL",11,"4","2",495.3,NA,1,949
"950","05wyh",41,"LC","JL","LC_JL",12,"2","2",433.3,NA,1,950
"951","05wyh",41,"LC","JL","LC_JL",13,"5","2",565.8,NA,0,951
"952","05wyh",41,"LC","JL","LC_JL",14,"5","2",689.8,NA,1,952
"953","05wyh",9,"LC","ID","LC_ID",1,"1","1",122,NA,0,953
"954","05wyh",9,"LC","ID","LC_ID",2,"1","1",217,NA,0,954
"955","05wyh",9,"LC","ID","LC_ID",3,"1","1",324.6,NA,1,955
"956","05wyh",9,"LC","ID","LC_ID",4,"2","1",436,NA,1,956
"957","05wyh",9,"LC","ID","LC_ID",5,"5","1",557.9,NA,0,957
"958","05wyh",9,"LC","ID","LC_ID",6,"5","1",662.3,NA,0,958
"959","05wyh",9,"LC","ID","LC_ID",7,"5","1",571,NA,0,959
"960","05wyh",9,"LC","ID","LC_ID",8,"5","1",688.6,NA,1,960
"961","05wyh",9,"LC","ID","LC_ID",9,"1","2",209.6,NA,0,961
"962","05wyh",125,"HC","JH","HC_JH",1,"1","1",133.1,NA,0,962
"963","05wyh",125,"HC","JH","HC_JH",2,"1","1",230.6,NA,1,963
"964","05wyh",125,"HC","JH","HC_JH",3,"2","1",331.6,NA,1,964
"965","05wyh",125,"HC","JH","HC_JH",4,"4","1",376.7,NA,1,965
"966","05wyh",125,"HC","JH","HC_JH",5,"3","1",348.5,NA,1,966
"967","05wyh",125,"HC","JH","HC_JH",6,"5","1",520.7,NA,0,967
"968","05wyh",125,"HC","JH","HC_JH",7,"5","1",623.3,NA,0,968
"969","05wyh",125,"HC","JH","HC_JH",8,"5","1",708.6,NA,0,969
"970","05wyh",125,"HC","JH","HC_JH",9,"5","1",769.9,NA,0,970
"971","05wyh",125,"HC","JH","HC_JH",10,"5","1",608.7,NA,0,971
"972","05wyh",125,"HC","JH","HC_JH",11,"5","1",745.1,NA,1,972
"973","05wyh",54,"LC","JH","LC_JH",1,"1","1",125.2,NA,0,973
"974","05wyh",54,"LC","JH","LC_JH",2,"1","1",218.7,NA,0,974
"975","05wyh",54,"LC","JH","LC_JH",3,"1","1",267.1,NA,0,975
"976","05wyh",54,"LC","JH","LC_JH",4,"1","1",151.5,NA,0,976
"977","05wyh",54,"LC","JH","LC_JH",5,"1","1",161,NA,0,977
"978","05wyh",54,"LC","JH","LC_JH",6,"1","1",227.8,NA,1,978
"979","05wyh",54,"LC","JH","LC_JH",7,"2","1",308.2,NA,1,979
"980","05wyh",54,"LC","JH","LC_JH",8,"4","1",389.1,NA,1,980
"981","05wyh",54,"LC","JH","LC_JH",9,"2","2",319.1,NA,1,981
"982","05wyh",54,"LC","JH","LC_JH",10,"4","2",385.6,NA,1,982
"983","05wyh",54,"LC","JH","LC_JH",11,"5","1",475,NA,0,983
"984","05wyh",54,"LC","JH","LC_JH",12,"5","1",428.4,NA,0,984
"985","05wyh",54,"LC","JH","LC_JH",13,"5","1",557.7,NA,0,985
"986","05wyh",54,"LC","JH","LC_JH",14,"5","1",634.8,NA,0,986
"987","05wyh",54,"LC","JH","LC_JH",15,"5","1",537.9,NA,0,987
"988","05wyh",54,"LC","JH","LC_JH",16,"5","1",684.2,NA,1,988
"989","05wyh",54,"LC","JH","LC_JH",17,"1","2",264.1,NA,0,989
"990","05wyh",54,"LC","JH","LC_JH",18,"1","2",199.3,NA,0,990
"991","05wyh",116,"HC","JH","HC_JH",1,"1","1",134.6,NA,0,991
"992","05wyh",116,"HC","JH","HC_JH",2,"1","1",237.9,NA,0,992
"993","05wyh",116,"HC","JH","HC_JH",3,"1","1",313.4,NA,0,993
"994","05wyh",116,"HC","JH","HC_JH",4,"1","1",383.9,NA,1,994
"995","05wyh",116,"HC","JH","HC_JH",5,"3","1",462.5,NA,1,995
"996","05wyh",116,"HC","JH","HC_JH",6,"5","1",584.1,NA,0,996
"997","05wyh",116,"HC","JH","HC_JH",7,"5","1",660.3,NA,1,997
"998","05wyh",116,"HC","JH","HC_JH",8,"1","2",220.3,NA,0,998
"999","05wyh",116,"HC","JH","HC_JH",9,"1","2",160.8,NA,0,999
"1000","05wyh",87,"HC","TP","HC_TP",1,"1","1",131,NA,0,1000
"1001","05wyh",87,"HC","TP","HC_TP",2,"1","1",211.9,NA,0,1001
"1002","05wyh",87,"HC","TP","HC_TP",3,"1","1",258.6,NA,0,1002
"1003","05wyh",87,"HC","TP","HC_TP",4,"1","1",345.9,NA,1,1003
"1004","05wyh",87,"HC","TP","HC_TP",5,"3","1",419,NA,1,1004
"1005","05wyh",87,"HC","TP","HC_TP",6,"4","1",459.6,NA,1,1005
"1006","05wyh",87,"HC","TP","HC_TP",7,"2","1",394,NA,1,1006
"1007","05wyh",87,"HC","TP","HC_TP",8,"4","2",454.8,NA,1,1007
"1008","05wyh",87,"HC","TP","HC_TP",9,"5","1",552,NA,0,1008
"1009","05wyh",87,"HC","TP","HC_TP",10,"5","1",628.2,NA,1,1009
"1010","05wyh",87,"HC","TP","HC_TP",11,"1","2",266.8,NA,0,1010
"1011","05wyh",87,"HC","TP","HC_TP",12,"1","2",191.4,NA,0,1011
"1012","05wyh",60,"LC","JH","LC_JH",1,"1","1",119.9,NA,0,1012
"1013","05wyh",60,"LC","JH","LC_JH",2,"1","1",206.3,NA,0,1013
"1014","05wyh",60,"LC","JH","LC_JH",3,"1","1",216.5,NA,0,1014
"1015","05wyh",60,"LC","JH","LC_JH",4,"1","1",272.5,NA,0,1015
"1016","05wyh",60,"LC","JH","LC_JH",5,"1","1",343.1,NA,1,1016
"1017","05wyh",60,"LC","JH","LC_JH",6,"3","1",453.6,NA,1,1017
"1018","05wyh",60,"LC","JH","LC_JH",7,"5","1",524.8,NA,0,1018
"1019","05wyh",60,"LC","JH","LC_JH",8,"5","1",551.4,NA,0,1019
"1020","05wyh",60,"LC","JH","LC_JH",9,"5","1",649.2,NA,1,1020
"1021","05wyh",60,"LC","JH","LC_JH",10,"1","2",313.8,NA,0,1021
"1022","05wyh",60,"LC","JH","LC_JH",11,"1","2",233.6,NA,0,1022
"1023","05wyh",3,"LC","ID","LC_ID",1,"1","1",121.6,NA,0,1023
"1024","05wyh",3,"LC","ID","LC_ID",2,"1","1",205.2,NA,0,1024
"1025","05wyh",3,"LC","ID","LC_ID",3,"1","1",299,NA,0,1025
"1026","05wyh",3,"LC","ID","LC_ID",4,"1","1",379.3,NA,1,1026
"1027","05wyh",3,"LC","ID","LC_ID",5,"2","1",450.5,NA,1,1027
"1028","05wyh",3,"LC","ID","LC_ID",6,"4","1",532.9,NA,1,1028
"1029","05wyh",3,"LC","ID","LC_ID",7,"5","1",641.6,NA,1,1029
"1030","05wyh",3,"LC","ID","LC_ID",8,"1","2",229,NA,0,1030
"1031","05wyh",26,"LC","TP","LC_TP",1,"1","1",131.9,NA,0,1031
"1032","05wyh",26,"LC","TP","LC_TP",2,"1","1",230.3,NA,0,1032
"1033","05wyh",26,"LC","TP","LC_TP",3,"1","1",308.3,NA,1,1033
"1034","05wyh",26,"LC","TP","LC_TP",4,"2","1",380.8,NA,1,1034
"1035","05wyh",26,"LC","TP","LC_TP",5,"3","1",429.1,NA,1,1035
"1036","05wyh",26,"LC","TP","LC_TP",6,"4","1",450.4,NA,1,1036
"1037","05wyh",26,"LC","TP","LC_TP",7,"2","2",403.9,NA,1,1037
"1038","05wyh",26,"LC","TP","LC_TP",8,"5","1",486.7,NA,0,1038
"1039","05wyh",26,"LC","TP","LC_TP",9,"5","1",536.1,NA,0,1039
"1040","05wyh",26,"LC","TP","LC_TP",10,"5","1",654.6,NA,1,1040
"1041","05wyh",69,"HC","ID","HC_ID",1,"1","1",179.2,NA,0,1041
"1042","05wyh",69,"HC","ID","HC_ID",2,"1","1",280.3,NA,0,1042
"1043","05wyh",69,"HC","ID","HC_ID",3,"1","1",217.3,NA,0,1043
"1044","05wyh",69,"HC","ID","HC_ID",4,"1","1",292,NA,1,1044
"1045","05wyh",69,"HC","ID","HC_ID",5,"4","1",383.1,NA,1,1045
"1046","05wyh",69,"HC","ID","HC_ID",6,"5","1",472.6,NA,0,1046
"1047","05wyh",69,"HC","ID","HC_ID",7,"5","1",552.4,NA,0,1047
"1048","05wyh",69,"HC","ID","HC_ID",8,"5","1",615.8,NA,0,1048
"1049","05wyh",69,"HC","ID","HC_ID",9,"5","1",676.1,NA,1,1049
"1050","05wyh",69,"HC","ID","HC_ID",10,"1","2",202.7,NA,0,1050
"1051","05wyh",61,"LC","JH","LC_JH",1,"1","1",132.3,NA,0,1051
"1052","05wyh",61,"LC","JH","LC_JH",2,"1","1",223.3,NA,0,1052
"1053","05wyh",61,"LC","JH","LC_JH",3,"1","1",294.1,NA,0,1053
"1054","05wyh",61,"LC","JH","LC_JH",4,"1","1",376.3,NA,0,1054
"1055","05wyh",61,"LC","JH","LC_JH",5,"1","1",308.4,NA,0,1055
"1056","05wyh",61,"LC","JH","LC_JH",6,"1","1",332.9,NA,0,1056
"1057","05wyh",61,"LC","JH","LC_JH",7,"1","1",391.9,NA,1,1057
"1058","05wyh",61,"LC","JH","LC_JH",8,"3","1",463,NA,1,1058
"1059","05wyh",61,"LC","JH","LC_JH",9,"2","1",440.8,NA,1,1059
"1060","05wyh",61,"LC","JH","LC_JH",10,"4","1",476.3,NA,1,1060
"1061","05wyh",61,"LC","JH","LC_JH",11,"5","1",578.1,NA,0,1061
"1062","05wyh",61,"LC","JH","LC_JH",12,"5","1",645.9,NA,0,1062
"1063","05wyh",61,"LC","JH","LC_JH",13,"5","1",690.7,NA,1,1063
"1064","05wyh",123,"HC","JH","HC_JH",1,"1","1",129.6,NA,0,1064
"1065","05wyh",123,"HC","JH","HC_JH",2,"1","1",268.6,NA,0,1065
"1066","05wyh",123,"HC","JH","HC_JH",3,"1","1",357.2,NA,0,1066
"1067","05wyh",123,"HC","JH","HC_JH",4,"1","1",308,NA,0,1067
"1068","05wyh",123,"HC","JH","HC_JH",5,"1","1",269.9,NA,0,1068
"1069","05wyh",123,"HC","JH","HC_JH",6,"1","1",339.9,NA,0,1069
"1070","05wyh",123,"HC","JH","HC_JH",7,"1","1",430.5,NA,1,1070
"1071","05wyh",123,"HC","JH","HC_JH",8,"4","1",507.6,NA,1,1071
"1072","05wyh",123,"HC","JH","HC_JH",9,"2","1",465.3,NA,1,1072
"1073","05wyh",123,"HC","JH","HC_JH",10,"5","1",640,NA,0,1073
"1074","05wyh",123,"HC","JH","HC_JH",11,"5","1",583.8,NA,0,1074
"1075","05wyh",123,"HC","JH","HC_JH",12,"5","1",681.2,NA,1,1075
"1076","05wyh",123,"HC","JH","HC_JH",13,"1","2",177.3,NA,0,1076
"1077","05wyh",97,"HC","JL","HC_JL",1,"1","1",109.5,NA,0,1077
"1078","05wyh",97,"HC","JL","HC_JL",2,"1","1",212.8,NA,0,1078
"1079","05wyh",97,"HC","JL","HC_JL",3,"1","1",270.3,NA,1,1079
"1080","05wyh",97,"HC","JL","HC_JL",4,"2","1",352.4,NA,0,1080
"1081","05wyh",97,"HC","JL","HC_JL",5,"2","1",365,NA,0,1081
"1082","05wyh",97,"HC","JL","HC_JL",6,"2","1",356.5,NA,1,1082
"1083","05wyh",97,"HC","JL","HC_JL",7,"4","1",428.1,NA,1,1083
"1084","05wyh",97,"HC","JL","HC_JL",8,"2","2",365.4,NA,1,1084
"1085","05wyh",97,"HC","JL","HC_JL",9,"5","1",460.7,NA,0,1085
"1086","05wyh",97,"HC","JL","HC_JL",10,"5","1",563.7,NA,0,1086
"1087","05wyh",97,"HC","JL","HC_JL",11,"5","1",624.9,NA,0,1087
"1088","05wyh",97,"HC","JL","HC_JL",12,"5","1",668.3,NA,0,1088
"1089","05wyh",97,"HC","JL","HC_JL",13,"5","1",543.3,NA,0,1089
"1090","05wyh",97,"HC","JL","HC_JL",14,"5","1",613.8,NA,0,1090
"1091","05wyh",97,"HC","JL","HC_JL",15,"5","1",660.4,NA,1,1091
"1092","05wyh",103,"HC","JL","HC_JL",1,"1","1",122.4,NA,0,1092
"1093","05wyh",103,"HC","JL","HC_JL",2,"1","1",224.5,NA,0,1093
"1094","05wyh",103,"HC","JL","HC_JL",3,"1","1",348,NA,0,1094
"1095","05wyh",103,"HC","JL","HC_JL",4,"1","1",417.4,NA,0,1095
"1096","05wyh",103,"HC","JL","HC_JL",5,"1","1",264.6,NA,0,1096
"1097","05wyh",103,"HC","JL","HC_JL",6,"1","1",366.2,NA,1,1097
"1098","05wyh",103,"HC","JL","HC_JL",7,"2","1",481.6,NA,1,1098
"1099","05wyh",103,"HC","JL","HC_JL",8,"5","1",585.4,NA,1,1099
"1100","05wyh",103,"HC","JL","HC_JL",9,"3","1",529.3,NA,1,1100
"1101","05wyh",103,"HC","JL","HC_JL",10,"5","2",698.3,NA,1,1101
"1102","05wyh",2,"LC","ID","LC_ID",1,"1","1",116.2,NA,0,1102
"1103","05wyh",2,"LC","ID","LC_ID",2,"1","1",244.8,NA,0,1103
"1104","05wyh",2,"LC","ID","LC_ID",3,"1","1",209.8,NA,0,1104
"1105","05wyh",2,"LC","ID","LC_ID",4,"1","1",276.4,NA,0,1105
"1106","05wyh",2,"LC","ID","LC_ID",5,"1","1",365.5,NA,1,1106
"1107","05wyh",2,"LC","ID","LC_ID",6,"3","1",441.3,NA,1,1107
"1108","05wyh",2,"LC","ID","LC_ID",7,"5","1",511.9,NA,0,1108
"1109","05wyh",2,"LC","ID","LC_ID",8,"5","1",552.3,NA,1,1109
"1110","05wyh",2,"LC","ID","LC_ID",9,"2","1",433.6,NA,1,1110
"1111","05wyh",2,"LC","ID","LC_ID",10,"5","2",528.9,NA,0,1111
"1112","05wyh",2,"LC","ID","LC_ID",11,"5","2",600.2,NA,1,1112
"1113","05wyh",2,"LC","ID","LC_ID",12,"4","1",486.9,NA,1,1113
"1114","05wyh",2,"LC","ID","LC_ID",13,"5","3",636.5,NA,1,1114
"1115","05wyh",82,"HC","TP","HC_TP",1,"1","1",128,NA,0,1115
"1116","05wyh",82,"HC","TP","HC_TP",2,"1","1",224.1,NA,1,1116
"1117","05wyh",82,"HC","TP","HC_TP",3,"3","1",377.9,NA,1,1117
"1118","05wyh",82,"HC","TP","HC_TP",4,"1","2",299.8,NA,1,1118
"1119","05wyh",82,"HC","TP","HC_TP",5,"3","2",382.7,NA,1,1119
"1120","05wyh",82,"HC","TP","HC_TP",6,"5","1",553.1,NA,0,1120
"1121","05wyh",82,"HC","TP","HC_TP",7,"5","1",443.3,NA,0,1121
"1122","05wyh",82,"HC","TP","HC_TP",8,"5","1",676,NA,0,1122
"1123","05wyh",82,"HC","TP","HC_TP",9,"5","1",729.7,NA,1,1123
"1124","05wyh",82,"HC","TP","HC_TP",10,"1","3",251.9,NA,0,1124
"1125","05wyh",82,"HC","TP","HC_TP",11,"1","3",206.1,NA,0,1125
"1126","05wyh",82,"HC","TP","HC_TP",12,"1","3",321.6,NA,1,1126
"1127","05wyh",82,"HC","TP","HC_TP",13,"5","2",457,NA,1,1127
"1128","05wyh",22,"LC","TP","LC_TP",1,"1","1",117.2,NA,0,1128
"1129","05wyh",22,"LC","TP","LC_TP",2,"1","1",236.9,NA,1,1129
"1130","05wyh",22,"LC","TP","LC_TP",3,"2","1",325,NA,1,1130
"1131","05wyh",22,"LC","TP","LC_TP",4,"3","1",359.8,NA,1,1131
"1132","05wyh",22,"LC","TP","LC_TP",5,"5","1",456.9,NA,0,1132
"1133","05wyh",22,"LC","TP","LC_TP",6,"5","1",545.1,NA,0,1133
"1134","05wyh",22,"LC","TP","LC_TP",7,"5","1",612,NA,0,1134
"1135","05wyh",22,"LC","TP","LC_TP",8,"5","1",647.3,NA,1,1135
"1136","05wyh",22,"LC","TP","LC_TP",9,"1","2",243.3,NA,0,1136
"1137","05wyh",112,"HC","JL","HC_JL",1,"1","1",117.5,NA,0,1137
"1138","05wyh",112,"HC","JL","HC_JL",2,"1","1",214.5,NA,0,1138
"1139","05wyh",112,"HC","JL","HC_JL",3,"1","1",264.3,NA,1,1139
"1140","05wyh",112,"HC","JL","HC_JL",4,"2","1",334.3,NA,1,1140
"1141","05wyh",112,"HC","JL","HC_JL",5,"1","2",251.3,NA,1,1141
"1142","05wyh",112,"HC","JL","HC_JL",6,"3","1",341.3,NA,1,1142
"1143","05wyh",112,"HC","JL","HC_JL",7,"4","1",383.5,NA,1,1143
"1144","05wyh",112,"HC","JL","HC_JL",8,"5","1",493.3,NA,0,1144
"1145","05wyh",112,"HC","JL","HC_JL",9,"5","1",560.1,NA,0,1145
"1146","05wyh",112,"HC","JL","HC_JL",10,"5","1",661.6,NA,1,1146
"1147","05wyh",92,"HC","TP","HC_TP",1,"1","1",110.3,NA,0,1147
"1148","05wyh",92,"HC","TP","HC_TP",2,"1","1",196.3,NA,0,1148
"1149","05wyh",92,"HC","TP","HC_TP",3,"1","1",263.9,NA,1,1149
"1150","05wyh",92,"HC","TP","HC_TP",4,"3","1",347.5,NA,1,1150
"1151","05wyh",92,"HC","TP","HC_TP",5,"4","1",404.1,NA,1,1151
"1152","05wyh",92,"HC","TP","HC_TP",6,"5","1",475.6,NA,0,1152
"1153","05wyh",92,"HC","TP","HC_TP",7,"5","1",519.3,NA,0,1153
"1154","05wyh",92,"HC","TP","HC_TP",8,"5","1",594.5,NA,0,1154
"1155","05wyh",92,"HC","TP","HC_TP",9,"5","1",570.1,NA,0,1155
"1156","05wyh",92,"HC","TP","HC_TP",10,"5","1",700.4,NA,0,1156
"1157","05wyh",92,"HC","TP","HC_TP",11,"5","1",752.5,NA,1,1157
"1158","05wyh",92,"HC","TP","HC_TP",12,"1","2",227.4,NA,0,1158
"1159","05wyh",71,"HC","ID","HC_ID",1,"1","1",176.2,NA,0,1159
"1160","05wyh",71,"HC","ID","HC_ID",2,"1","1",266,NA,0,1160
"1161","05wyh",71,"HC","ID","HC_ID",3,"1","1",242.3,NA,0,1161
"1162","05wyh",71,"HC","ID","HC_ID",4,"1","1",324.8,NA,0,1162
"1163","05wyh",71,"HC","ID","HC_ID",5,"1","1",420.9,NA,1,1163
"1164","05wyh",71,"HC","ID","HC_ID",6,"3","1",494.7,NA,1,1164
"1165","05wyh",71,"HC","ID","HC_ID",7,"5","1",576.8,NA,0,1165
"1166","05wyh",71,"HC","ID","HC_ID",8,"5","1",620.9,NA,1,1166
"1167","05wyh",67,"HC","ID","HC_ID",1,"1","1",121.9,NA,0,1167
"1168","05wyh",67,"HC","ID","HC_ID",2,"1","1",227.4,NA,0,1168
"1169","05wyh",67,"HC","ID","HC_ID",3,"1","1",193,NA,0,1169
"1170","05wyh",67,"HC","ID","HC_ID",4,"1","1",305.3,NA,1,1170
"1171","05wyh",67,"HC","ID","HC_ID",5,"2","1",372.3,NA,1,1171
"1172","05wyh",67,"HC","ID","HC_ID",6,"4","1",425.4,NA,1,1172
"1173","05wyh",67,"HC","ID","HC_ID",7,"5","1",538.3,NA,0,1173
"1174","05wyh",67,"HC","ID","HC_ID",8,"5","1",604.4,NA,0,1174
"1175","05wyh",67,"HC","ID","HC_ID",9,"5","1",650.5,NA,0,1175
"1176","05wyh",67,"HC","ID","HC_ID",10,"5","1",709.1,NA,1,1176
"1177","05wyh",67,"HC","ID","HC_ID",11,"1","2",299.6,NA,0,1177
"1178","05wyh",67,"HC","ID","HC_ID",12,"1","2",218.8,NA,0,1178
"1179","05wyh",81,"HC","TP","HC_TP",1,"1","1",125.1,NA,0,1179
"1180","05wyh",81,"HC","TP","HC_TP",2,"1","1",215.1,NA,0,1180
"1181","05wyh",81,"HC","TP","HC_TP",3,"1","1",300.8,NA,0,1181
"1182","05wyh",81,"HC","TP","HC_TP",4,"1","1",357.3,NA,1,1182
"1183","05wyh",81,"HC","TP","HC_TP",5,"3","1",425,NA,1,1183
"1184","05wyh",81,"HC","TP","HC_TP",6,"5","1",538.1,NA,0,1184
"1185","05wyh",81,"HC","TP","HC_TP",7,"5","1",608.1,NA,0,1185
"1186","05wyh",81,"HC","TP","HC_TP",8,"5","1",647.8,NA,1,1186
"1187","05wyh",81,"HC","TP","HC_TP",9,"1","2",229.2,NA,0,1187
"1188","05wyh",94,"HC","TP","HC_TP",1,"1","1",120.3,NA,0,1188
"1189","05wyh",94,"HC","TP","HC_TP",2,"1","1",197.6,NA,0,1189
"1190","05wyh",94,"HC","TP","HC_TP",3,"1","1",271.1,NA,0,1190
"1191","05wyh",94,"HC","TP","HC_TP",4,"1","1",335.7,NA,1,1191
"1192","05wyh",94,"HC","TP","HC_TP",5,"2","1",414.3,NA,1,1192
"1193","05wyh",94,"HC","TP","HC_TP",6,"1","2",342.3,NA,0,1193
"1194","05wyh",94,"HC","TP","HC_TP",7,"1","2",395.7,NA,1,1194
"1195","05wyh",94,"HC","TP","HC_TP",8,"3","1",469.3,NA,1,1195
"1196","05wyh",94,"HC","TP","HC_TP",9,"2","2",436.8,NA,1,1196
"1197","05wyh",94,"HC","TP","HC_TP",10,"4","1",477.5,NA,1,1197
"1198","05wyh",94,"HC","TP","HC_TP",11,"5","1",525,NA,0,1198
"1199","05wyh",94,"HC","TP","HC_TP",12,"5","1",617.8,NA,1,1199
"1200","05wyh",94,"HC","TP","HC_TP",13,"1","3",209.5,NA,0,1200
"1201","05wyh",49,"LC","JH","LC_JH",1,"1","1",139.9,NA,0,1201
"1202","05wyh",49,"LC","JH","LC_JH",2,"1","1",223.6,NA,0,1202
"1203","05wyh",49,"LC","JH","LC_JH",3,"1","1",298,NA,0,1203
"1204","05wyh",49,"LC","JH","LC_JH",4,"1","1",371.8,NA,1,1204
"1205","05wyh",49,"LC","JH","LC_JH",5,"2","1",455.2,NA,1,1205
"1206","05wyh",49,"LC","JH","LC_JH",6,"4","1",523.7,NA,1,1206
"1207","05wyh",49,"LC","JH","LC_JH",7,"3","1",494.3,NA,1,1207
"1208","05wyh",49,"LC","JH","LC_JH",8,"5","1",627.2,NA,1,1208
"1209","05wyh",91,"HC","TP","HC_TP",1,"1","1",129.7,NA,0,1209
"1210","05wyh",91,"HC","TP","HC_TP",2,"1","1",216.5,NA,0,1210
"1211","05wyh",91,"HC","TP","HC_TP",3,"1","1",262.3,NA,0,1211
"1212","05wyh",91,"HC","TP","HC_TP",4,"1","1",345.8,NA,0,1212
"1213","05wyh",91,"HC","TP","HC_TP",5,"1","1",411.9,NA,1,1213
"1214","05wyh",91,"HC","TP","HC_TP",6,"2","1",494.5,NA,1,1214
"1215","05wyh",91,"HC","TP","HC_TP",7,"5","1",593.7,NA,1,1215
"1216","05wyh",91,"HC","TP","HC_TP",8,"2","2",495.7,NA,1,1216
"1217","05wyh",91,"HC","TP","HC_TP",9,"4","1",556.5,NA,1,1217
"1218","05wyh",91,"HC","TP","HC_TP",10,"5","2",679.8,NA,1,1218
"1219","05wyh",91,"HC","TP","HC_TP",11,"1","2",206.2,NA,0,1219
"1220","05wyh",91,"HC","TP","HC_TP",12,"1","2",272,NA,0,1220
"1221","05wyh",95,"HC","TP","HC_TP",1,"1","1",185.2,NA,0,1221
"1222","05wyh",95,"HC","TP","HC_TP",2,"1","1",257.1,NA,1,1222
"1223","05wyh",95,"HC","TP","HC_TP",3,"3","1",325.7,NA,1,1223
"1224","05wyh",95,"HC","TP","HC_TP",4,"5","1",434.1,NA,0,1224
"1225","05wyh",95,"HC","TP","HC_TP",5,"5","1",536.4,NA,0,1225
"1226","05wyh",95,"HC","TP","HC_TP",6,"5","1",595.2,NA,0,1226
"1227","05wyh",95,"HC","TP","HC_TP",7,"5","1",662.7,NA,1,1227
"1228","05wyh",95,"HC","TP","HC_TP",8,"1","2",243.7,NA,0,1228
"1229","05wyh",122,"HC","JH","HC_JH",1,"1","1",123.8,NA,0,1229
"1230","05wyh",122,"HC","JH","HC_JH",2,"1","1",202.7,NA,0,1230
"1231","05wyh",122,"HC","JH","HC_JH",3,"1","1",285,NA,0,1231
"1232","05wyh",122,"HC","JH","HC_JH",4,"1","1",343.85,NA,0,1232
"1233","05wyh",122,"HC","JH","HC_JH",5,"1","1",371.7,NA,0,1233
"1234","05wyh",122,"HC","JH","HC_JH",6,"1","1",467.7,NA,1,1234
"1235","05wyh",122,"HC","JH","HC_JH",7,"3","1",539.1,NA,1,1235
"1236","05wyh",122,"HC","JH","HC_JH",8,"5","1",642,NA,0,1236
"1237","05wyh",122,"HC","JH","HC_JH",9,"5","1",694.8,NA,1,1237
"1238","05wyh",122,"HC","JH","HC_JH",10,"1","2",207.2,NA,0,1238
"1239","05wyh",34,"LC","JL","LC_JL",1,"1","1",119.6,NA,0,1239
"1240","05wyh",34,"LC","JL","LC_JL",2,"1","1",195.6,NA,0,1240
"1241","05wyh",34,"LC","JL","LC_JL",3,"1","1",244.1,NA,0,1241
"1242","05wyh",34,"LC","JL","LC_JL",4,"1","1",340.3,NA,1,1242
"1243","05wyh",34,"LC","JL","LC_JL",5,"3","1",403.6,NA,0,1243
"1244","05wyh",34,"LC","JL","LC_JL",6,"3","1",386.8,NA,1,1244
"1245","05wyh",34,"LC","JL","LC_JL",7,"5","1",455.5,NA,0,1245
"1246","05wyh",34,"LC","JL","LC_JL",8,"5","1",571,NA,0,1246
"1247","05wyh",34,"LC","JL","LC_JL",9,"5","1",608.2,NA,0,1247
"1248","05wyh",34,"LC","JL","LC_JL",10,"5","1",706.6,NA,1,1248
"1249","05wyh",34,"LC","JL","LC_JL",11,"1","2",205.8,NA,0,1249
"1250","05wyh",53,"LC","JH","LC_JH",1,"1","1",135.2,NA,0,1250
"1251","05wyh",53,"LC","JH","LC_JH",2,"1","1",215.4,NA,0,1251
"1252","05wyh",53,"LC","JH","LC_JH",3,"1","1",352,NA,1,1252
"1253","05wyh",53,"LC","JH","LC_JH",4,"3","1",454.6,NA,1,1253
"1254","05wyh",53,"LC","JH","LC_JH",5,"5","1",516.7,NA,0,1254
"1255","05wyh",53,"LC","JH","LC_JH",6,"5","1",613.6,NA,0,1255
"1256","05wyh",53,"LC","JH","LC_JH",7,"5","1",632.7,NA,0,1256
"1257","05wyh",53,"LC","JH","LC_JH",8,"5","1",539.2,NA,0,1257
"1258","05wyh",53,"LC","JH","LC_JH",9,"5","1",649.5,NA,1,1258
"1259","05wyh",53,"LC","JH","LC_JH",10,"1","2",194.8,NA,0,1259
"1260","05wyh",124,"HC","JH","HC_JH",1,"1","1",124.6,NA,0,1260
"1261","05wyh",124,"HC","JH","HC_JH",2,"1","1",211.2,NA,1,1261
"1262","05wyh",124,"HC","JH","HC_JH",3,"2","1",284.1,NA,1,1262
"1263","05wyh",124,"HC","JH","HC_JH",4,"3","1",328.7,NA,0,1263
"1264","05wyh",124,"HC","JH","HC_JH",5,"3","1",328.1,NA,1,1264
"1265","05wyh",124,"HC","JH","HC_JH",6,"5","1",433.4,NA,0,1265
"1266","05wyh",124,"HC","JH","HC_JH",7,"5","1",524.9,NA,0,1266
"1267","05wyh",124,"HC","JH","HC_JH",8,"5","1",593,NA,0,1267
"1268","05wyh",124,"HC","JH","HC_JH",9,"5","1",696.1,NA,0,1268
"1269","05wyh",124,"HC","JH","HC_JH",10,"5","1",732,NA,0,1269
"1270","05wyh",124,"HC","JH","HC_JH",11,"5","1",604.2,NA,1,1270
"1271","05wyh",124,"HC","JH","HC_JH",12,"1","2",193.6,NA,1,1271
"1272","05wyh",124,"HC","JH","HC_JH",13,"2","2",294.3,NA,1,1272
"1273","05wyh",83,"HC","TP","HC_TP",1,"1","1",122.7,NA,0,1273
"1274","05wyh",83,"HC","TP","HC_TP",2,"1","1",200,NA,0,1274
"1275","05wyh",83,"HC","TP","HC_TP",3,"1","1",282.8,NA,0,1275
"1276","05wyh",83,"HC","TP","HC_TP",4,"1","1",190.5,NA,0,1276
"1277","05wyh",83,"HC","TP","HC_TP",5,"1","1",319.2,NA,0,1277
"1278","05wyh",83,"HC","TP","HC_TP",6,"1","1",406.3,NA,1,1278
"1279","05wyh",83,"HC","TP","HC_TP",7,"2","1",490,NA,1,1279
"1280","05wyh",83,"HC","TP","HC_TP",8,"1","2",401.6,NA,0,1280
"1281","05wyh",83,"HC","TP","HC_TP",9,"1","2",448.9,NA,1,1281
"1282","05wyh",83,"HC","TP","HC_TP",10,"3","1",529.6,NA,1,1282
"1283","05wyh",83,"HC","TP","HC_TP",11,"5","1",672.2,NA,0,1283
"1284","05wyh",83,"HC","TP","HC_TP",12,"5","1",722.3,NA,1,1284
"1285","05wyh",65,"HC","ID","HC_ID",1,"1","1",123,NA,0,1285
"1286","05wyh",65,"HC","ID","HC_ID",2,"1","1",225.4,NA,0,1286
"1287","05wyh",65,"HC","ID","HC_ID",3,"1","1",297.7,NA,0,1287
"1288","05wyh",65,"HC","ID","HC_ID",4,"1","1",353.2,NA,0,1288
"1289","05wyh",65,"HC","ID","HC_ID",5,"1","1",414.9,NA,1,1289
"1290","05wyh",65,"HC","ID","HC_ID",6,"2","1",521.2,NA,1,1290
"1291","05wyh",65,"HC","ID","HC_ID",7,"3","1",568.6,NA,1,1291
"1292","05wyh",65,"HC","ID","HC_ID",8,"5","1",682.8,NA,1,1292
"1293","05wyh",65,"HC","ID","HC_ID",9,"1","2",219.5,NA,0,1293
"1294","05wyh",89,"HC","TP","HC_TP",1,"1","1",120.1,NA,0,1294
"1295","05wyh",89,"HC","TP","HC_TP",2,"1","1",202.8,NA,0,1295
"1296","05wyh",89,"HC","TP","HC_TP",3,"1","1",278.9,NA,0,1296
"1297","05wyh",89,"HC","TP","HC_TP",4,"1","1",351.3,NA,1,1297
"1298","05wyh",89,"HC","TP","HC_TP",5,"2","1",420.2,NA,1,1298
"1299","05wyh",89,"HC","TP","HC_TP",6,"4","1",502.9,NA,1,1299
"1300","05wyh",89,"HC","TP","HC_TP",7,"5","1",598.5,NA,0,1300
"1301","05wyh",89,"HC","TP","HC_TP",8,"5","1",662.5,NA,1,1301
"1302","05wyh",89,"HC","TP","HC_TP",9,"2","2",417.9,NA,1,1302
"1303","05wyh",84,"HC","TP","HC_TP",1,"1","1",122.6,NA,0,1303
"1304","05wyh",84,"HC","TP","HC_TP",2,"1","1",235.2,NA,1,1304
"1305","05wyh",84,"HC","TP","HC_TP",3,"2","1",289.7,NA,0,1305
"1306","05wyh",84,"HC","TP","HC_TP",4,"2","1",303.4,NA,0,1306
"1307","05wyh",84,"HC","TP","HC_TP",5,"2","1",275.2,NA,1,1307
"1308","05wyh",84,"HC","TP","HC_TP",6,"3","1",330.4,NA,1,1308
"1309","05wyh",84,"HC","TP","HC_TP",7,"5","1",381.8,NA,0,1309
"1310","05wyh",84,"HC","TP","HC_TP",8,"5","1",520.3,NA,0,1310
"1311","05wyh",84,"HC","TP","HC_TP",9,"5","1",574,NA,0,1311
"1312","05wyh",84,"HC","TP","HC_TP",10,"5","1",484.2,NA,0,1312
"1313","05wyh",84,"HC","TP","HC_TP",11,"5","1",583.5,NA,0,1313
"1314","05wyh",84,"HC","TP","HC_TP",12,"5","1",670.9,NA,0,1314
"1315","05wyh",84,"HC","TP","HC_TP",13,"5","1",695.3,NA,1,1315
"1316","05wyh",84,"HC","TP","HC_TP",14,"1","2",207.6,NA,0,1316
"1317","05wyh",99,"HC","JL","HC_JL",1,"1","1",116.7,NA,0,1317
"1318","05wyh",99,"HC","JL","HC_JL",2,"1","1",183.4,NA,0,1318
"1319","05wyh",99,"HC","JL","HC_JL",3,"1","1",262.8,NA,1,1319
"1320","05wyh",99,"HC","JL","HC_JL",4,"4","1",344.8,NA,1,1320
"1321","05wyh",99,"HC","JL","HC_JL",5,"3","1",310.4,NA,1,1321
"1322","05wyh",99,"HC","JL","HC_JL",6,"4","2",359.2,NA,1,1322
"1323","05wyh",99,"HC","JL","HC_JL",7,"5","1",444.5,NA,0,1323
"1324","05wyh",99,"HC","JL","HC_JL",8,"5","1",487.6,NA,0,1324
"1325","05wyh",99,"HC","JL","HC_JL",9,"5","1",547.8,NA,0,1325
"1326","05wyh",99,"HC","JL","HC_JL",10,"5","1",610,NA,0,1326
"1327","05wyh",99,"HC","JL","HC_JL",11,"5","1",539.9,NA,0,1327
"1328","05wyh",99,"HC","JL","HC_JL",12,"5","1",625.8,NA,0,1328
"1329","05wyh",99,"HC","JL","HC_JL",13,"5","1",705.7,NA,1,1329
"1330","05wyh",99,"HC","JL","HC_JL",14,"1","2",207.9,NA,1,1330
"1331","05wyh",99,"HC","JL","HC_JL",15,"2","1",296.8,NA,1,1331
"1332","05wyh",66,"HC","ID","HC_ID",1,"1","1",102.9,NA,0,1332
"1333","05wyh",66,"HC","ID","HC_ID",2,"1","1",197.4,NA,1,1333
"1334","05wyh",66,"HC","ID","HC_ID",3,"2","1",262.3,NA,1,1334
"1335","05wyh",66,"HC","ID","HC_ID",4,"4","1",337.2,NA,1,1335
"1336","05wyh",66,"HC","ID","HC_ID",5,"5","1",414.1,NA,0,1336
"1337","05wyh",66,"HC","ID","HC_ID",6,"5","1",513.2,NA,0,1337
"1338","05wyh",66,"HC","ID","HC_ID",7,"5","1",620,NA,0,1338
"1339","05wyh",66,"HC","ID","HC_ID",8,"5","1",690.9,NA,1,1339
"1340","05wyh",25,"LC","TP","LC_TP",1,"1","1",119.2,NA,0,1340
"1341","05wyh",25,"LC","TP","LC_TP",2,"1","1",215,NA,0,1341
"1342","05wyh",25,"LC","TP","LC_TP",3,"1","1",178.2,NA,0,1342
"1343","05wyh",25,"LC","TP","LC_TP",4,"1","1",268,NA,1,1343
"1344","05wyh",25,"LC","TP","LC_TP",5,"4","1",343.4,NA,1,1344
"1345","05wyh",25,"LC","TP","LC_TP",6,"5","1",421.2,NA,0,1345
"1346","05wyh",25,"LC","TP","LC_TP",7,"5","1",461.5,NA,0,1346
"1347","05wyh",25,"LC","TP","LC_TP",8,"5","1",598,NA,0,1347
"1348","05wyh",25,"LC","TP","LC_TP",9,"5","1",644,NA,1,1348
"1349","05wyh",25,"LC","TP","LC_TP",10,"3","1",316.5,NA,1,1349
"1350","05wyh",25,"LC","TP","LC_TP",11,"1","2",231.6,NA,0,1350
"1351","05wyh",11,"LC","ID","LC_ID",1,"1","1",123.4,NA,0,1351
"1352","05wyh",11,"LC","ID","LC_ID",2,"1","1",214.6,NA,0,1352
"1353","05wyh",11,"LC","ID","LC_ID",3,"1","1",294.6,NA,0,1353
"1354","05wyh",11,"LC","ID","LC_ID",4,"1","1",384.1,NA,0,1354
"1355","05wyh",11,"LC","ID","LC_ID",5,"1","1",482.4,NA,1,1355
"1356","05wyh",11,"LC","ID","LC_ID",6,"3","1",550.5,NA,1,1356
"1357","05wyh",11,"LC","ID","LC_ID",7,"1","2",376.7,NA,0,1357
"1358","05wyh",11,"LC","ID","LC_ID",8,"1","2",448.4,NA,1,1358
"1359","05wyh",11,"LC","ID","LC_ID",9,"3","2",574.2,NA,1,1359
"1360","05wyh",11,"LC","ID","LC_ID",10,"5","1",699.7,NA,0,1360
"1361","05wyh",11,"LC","ID","LC_ID",11,"5","1",751.7,NA,1,1361
"1362","05wyh",33,"LC","JL","LC_JL",1,"1","1",128.2,NA,0,1362
"1363","05wyh",33,"LC","JL","LC_JL",2,"1","1",224,NA,0,1363
"1364","05wyh",33,"LC","JL","LC_JL",3,"1","1",317.9,NA,1,1364
"1365","05wyh",33,"LC","JL","LC_JL",4,"3","1",379.8,NA,1,1365
"1366","05wyh",33,"LC","JL","LC_JL",5,"5","1",479.7,NA,1,1366
"1367","05wyh",33,"LC","JL","LC_JL",6,"3","2",391.2,NA,1,1367
"1368","05wyh",33,"LC","JL","LC_JL",7,"5","2",463.6,NA,0,1368
"1369","05wyh",33,"LC","JL","LC_JL",8,"5","2",516.3,NA,0,1369
"1370","05wyh",33,"LC","JL","LC_JL",9,"5","2",569.7,NA,0,1370
"1371","05wyh",33,"LC","JL","LC_JL",10,"5","2",632.3,NA,1,1371
"1372","05wyh",33,"LC","JL","LC_JL",11,"1","2",229.3,NA,0,1372
"1373","06wh",3,"LC","ID","LC_ID",1,"1","1",118.6,NA,0,1373
"1374","06wh",3,"LC","ID","LC_ID",2,"1","1",208.8,NA,0,1374
"1375","06wh",3,"LC","ID","LC_ID",3,"1","1",311.3,NA,0,1375
"1376","06wh",3,"LC","ID","LC_ID",4,"1","1",413.5,NA,1,1376
"1377","06wh",3,"LC","ID","LC_ID",5,"2","1",456.3,NA,1,1377
"1378","06wh",124,"HC","JH","HC_JH",1,"1","1",124.9,NA,0,1378
"1379","06wh",124,"HC","JH","HC_JH",2,"1","1",205.2,NA,1,1379
"1380","06wh",124,"HC","JH","HC_JH",3,"2","1",298.4,NA,1,1380
"1381","06wh",124,"HC","JH","HC_JH",4,"5","1",493,NA,0,1381
"1382","06wh",124,"HC","JH","HC_JH",5,"5","1",545.4,NA,0,1382
"1383","06wh",124,"HC","JH","HC_JH",6,"5","1",681.4,NA,1,1383
"1384","06wh",116,"HC","JH","HC_JH",1,"1","1",268.1,NA,0,1384
"1385","06wh",116,"HC","JH","HC_JH",2,"1","1",290.2,NA,0,1385
"1386","06wh",116,"HC","JH","HC_JH",3,"1","1",335.7,NA,1,1386
"1387","06wh",116,"HC","JH","HC_JH",4,"4","1",477.4,NA,1,1387
"1388","06wh",116,"HC","JH","HC_JH",5,"5","1",605.3,NA,0,1388
"1389","06wh",116,"HC","JH","HC_JH",6,"5","1",663.7,NA,1,1389
"1390","06wh",55,"LC","JH","LC_JH",1,"1","1",133,NA,0,1390
"1391","06wh",55,"LC","JH","LC_JH",2,"1","1",181.8,NA,1,1391
"1392","06wh",55,"LC","JH","LC_JH",3,"3","1",372.3,NA,1,1392
"1393","06wh",58,"LC","JH","LC_JH",1,"1","1",200.2,NA,0,1393
"1394","06wh",58,"LC","JH","LC_JH",2,"1","1",268.3,NA,1,1394
"1395","06wh",58,"LC","JH","LC_JH",3,"5","1",470,NA,1,1395
"1396","06wh",58,"LC","JH","LC_JH",4,"3","1",389.9,NA,1,1396
"1397","06wh",58,"LC","JH","LC_JH",5,"5","2",575.4,NA,0,1397
"1398","06wh",58,"LC","JH","LC_JH",6,"5","2",478.5,NA,1,1398
"1399","06wh",13,"LC","ID","LC_ID",1,"1","1",127.2,NA,0,1399
"1400","06wh",13,"LC","ID","LC_ID",2,"1","1",223.8,NA,1,1400
"1401","06wh",13,"LC","ID","LC_ID",3,"2","1",397.9,NA,1,1401
"1402","06wh",13,"LC","ID","LC_ID",4,"5","1",506.4,NA,0,1402
"1403","06wh",13,"LC","ID","LC_ID",5,"5","1",605.5,NA,0,1403
"1404","06wh",13,"LC","ID","LC_ID",6,"5","1",636.4,NA,1,1404
"1405","06wh",10,"LC","ID","LC_ID",1,"1","1",120.9,NA,0,1405
"1406","06wh",10,"LC","ID","LC_ID",2,"1","1",254.4,NA,0,1406
"1407","06wh",10,"LC","ID","LC_ID",3,"1","1",402.4,NA,1,1407
"1408","06wh",10,"LC","ID","LC_ID",4,"5","1",570.4,NA,1,1408
"1409","06wh",10,"LC","ID","LC_ID",5,"2","1",440.6,NA,1,1409
"1410","06wh",91,"HC","TP","HC_TP",1,"1","1",150.5,NA,0,1410
"1411","06wh",91,"HC","TP","HC_TP",2,"1","1",402.5,NA,0,1411
"1412","06wh",91,"HC","TP","HC_TP",3,"1","1",315.3,NA,1,1412
"1413","06wh",91,"HC","TP","HC_TP",4,"4","1",553.9,NA,1,1413
"1414","06wh",76,"HC","ID","HC_ID",1,"1","1",127.7,NA,0,1414
"1415","06wh",76,"HC","ID","HC_ID",2,"1","1",238.7,NA,1,1415
"1416","06wh",76,"HC","ID","HC_ID",3,"3","1",309.4,NA,1,1416
"1417","06wh",76,"HC","ID","HC_ID",4,"5","1",445.1,NA,0,1417
"1418","06wh",76,"HC","ID","HC_ID",5,"5","1",473.8,NA,0,1418
"1419","06wh",76,"HC","ID","HC_ID",6,"5","1",581.7,NA,1,1419
"1420","06wh",7,"LC","ID","LC_ID",1,"1","1",134.4,NA,0,1420
"1421","06wh",7,"LC","ID","LC_ID",2,"1","1",190,NA,0,1421
"1422","06wh",7,"LC","ID","LC_ID",3,"1","1",301.5,NA,1,1422
"1423","06wh",7,"LC","ID","LC_ID",4,"5","1",570.4,NA,0,1423
"1424","06wh",7,"LC","ID","LC_ID",5,"5","1",626.5,NA,1,1424
"1425","06wh",7,"LC","ID","LC_ID",6,"3","1",476.7,NA,1,1425
"1426","06wh",105,"HC","JL","HC_JL",1,"1","1",127.5,NA,0,1426
"1427","06wh",105,"HC","JL","HC_JL",2,"1","1",224.1,NA,1,1427
"1428","06wh",105,"HC","JL","HC_JL",3,"5","1",360.3,NA,0,1428
"1429","06wh",105,"HC","JL","HC_JL",4,"5","1",410.6,NA,0,1429
"1430","06wh",105,"HC","JL","HC_JL",5,"5","1",580.6,NA,1,1430
"1431","06wh",19,"LC","TP","LC_TP",1,"1","1",128.2,NA,0,1431
"1432","06wh",19,"LC","TP","LC_TP",2,"1","1",163.4,NA,0,1432
"1433","06wh",19,"LC","TP","LC_TP",3,"1","1",214.8,NA,0,1433
"1434","06wh",19,"LC","TP","LC_TP",4,"1","1",290.7,NA,0,1434
"1435","06wh",19,"LC","TP","LC_TP",5,"1","1",335.9,NA,0,1435
"1436","06wh",19,"LC","TP","LC_TP",6,"1","1",468.7,NA,1,1436
"1437","06wh",19,"LC","TP","LC_TP",7,"2","1",506.6,NA,1,1437
"1438","06wh",19,"LC","TP","LC_TP",8,"4","1",572.7,NA,1,1438
"1439","06wh",19,"LC","TP","LC_TP",9,"1","2",317.5,NA,0,1439
"1440","06wh",106,"HC","JL","HC_JL",1,"1","1",121.1,NA,0,1440
"1441","06wh",106,"HC","JL","HC_JL",2,"1","1",219.3,NA,1,1441
"1442","06wh",106,"HC","JL","HC_JL",3,"3","1",354.3,NA,1,1442
"1443","06wh",106,"HC","JL","HC_JL",4,"5","1",483.9,NA,0,1443
"1444","06wh",106,"HC","JL","HC_JL",5,"5","1",579.6,NA,0,1444
"1445","06wh",106,"HC","JL","HC_JL",6,"5","1",616.9,NA,1,1445
"1446","06wh",61,"LC","JH","LC_JH",1,"1","1",123.4,NA,0,1446
"1447","06wh",61,"LC","JH","LC_JH",2,"1","1",204.5,NA,0,1447
"1448","06wh",61,"LC","JH","LC_JH",3,"1","1",384.2,NA,1,1448
"1449","06wh",61,"LC","JH","LC_JH",4,"3","1",460.2,NA,1,1449
"1450","06wh",61,"LC","JH","LC_JH",5,"5","1",626,NA,1,1450
"1451","06wh",16,"LC","ID","LC_ID",1,"1","1",122.3,NA,0,1451
"1452","06wh",16,"LC","ID","LC_ID",2,"1","1",259.8,NA,1,1452
"1453","06wh",16,"LC","ID","LC_ID",3,"5","1",384.4,NA,0,1453
"1454","06wh",16,"LC","ID","LC_ID",4,"5","1",508.3,NA,0,1454
"1455","06wh",16,"LC","ID","LC_ID",5,"5","1",608.7,NA,1,1455
"1456","06wh",81,"HC","TP","HC_TP",1,"1","1",129.6,NA,0,1456
"1457","06wh",81,"HC","TP","HC_TP",2,"1","1",241.3,NA,1,1457
"1458","06wh",81,"HC","TP","HC_TP",3,"3","1",408.2,NA,1,1458
"1459","06wh",81,"HC","TP","HC_TP",4,"5","1",492.9,NA,0,1459
"1460","06wh",81,"HC","TP","HC_TP",5,"5","1",606.8,NA,1,1460
"1461","06wh",70,"HC","ID","HC_ID",1,"1","1",120.4,NA,0,1461
"1462","06wh",70,"HC","ID","HC_ID",2,"1","1",239.2,NA,1,1462
"1463","06wh",70,"HC","ID","HC_ID",3,"3","1",329.5,NA,1,1463
"1464","06wh",70,"HC","ID","HC_ID",4,"5","1",405.9,NA,0,1464
"1465","06wh",70,"HC","ID","HC_ID",5,"5","1",448.7,NA,0,1465
"1466","06wh",70,"HC","ID","HC_ID",6,"5","1",571.1,NA,1,1466
"1467","06wh",70,"HC","ID","HC_ID",7,"3","2",332.6,NA,1,1467
"1468","06wh",123,"HC","JH","HC_JH",1,"1","1",121.8,NA,0,1468
"1469","06wh",123,"HC","JH","HC_JH",2,"1","1",203.1,NA,0,1469
"1470","06wh",123,"HC","JH","HC_JH",3,"1","1",371.9,NA,1,1470
"1471","06wh",123,"HC","JH","HC_JH",4,"2","1",460.2,NA,1,1471
"1472","06wh",123,"HC","JH","HC_JH",5,"3","1",502.7,NA,1,1472
"1473","06wh",117,"HC","JH","HC_JH",1,"1","1",130.8,NA,0,1473
"1474","06wh",117,"HC","JH","HC_JH",2,"1","1",282.1,NA,0,1474
"1475","06wh",117,"HC","JH","HC_JH",3,"1","1",354,NA,1,1475
"1476","06wh",117,"HC","JH","HC_JH",4,"3","1",486,NA,1,1476
"1477","06wh",121,"HC","JH","HC_JH",1,"1","1",150.35,NA,0,1477
"1478","06wh",121,"HC","JH","HC_JH",2,"1","1",274.2,NA,0,1478
"1479","06wh",121,"HC","JH","HC_JH",3,"1","1",348.5,NA,1,1479
"1480","06wh",121,"HC","JH","HC_JH",4,"3","1",469.4,NA,1,1480
"1481","06wh",121,"HC","JH","HC_JH",5,"5","1",610.6,NA,1,1481
"1482","06wh",79,"HC","ID","HC_ID",1,"1","1",124.4,NA,1,1482
"1483","06wh",79,"HC","ID","HC_ID",2,"2","1",265.6,NA,1,1483
"1484","06wh",79,"HC","ID","HC_ID",3,"4","1",322.7,NA,1,1484
"1485","06wh",79,"HC","ID","HC_ID",4,"5","1",396,NA,0,1485
"1486","06wh",79,"HC","ID","HC_ID",5,"5","1",572.7,NA,1,1486
"1487","06wh",40,"LC","JL","LC_JL",1,"1","1",112,NA,0,1487
"1488","06wh",40,"LC","JL","LC_JL",2,"1","1",180.7,NA,0,1488
"1489","06wh",40,"LC","JL","LC_JL",3,"1","1",364.5,NA,1,1489
"1490","06wh",40,"LC","JL","LC_JL",4,"2","1",438.8,NA,1,1490
"1491","06wh",83,"HC","TP","HC_TP",1,"1","1",189,NA,0,1491
"1492","06wh",83,"HC","TP","HC_TP",2,"1","1",324.2,NA,0,1492
"1493","06wh",83,"HC","TP","HC_TP",3,"1","1",350.4,NA,0,1493
"1494","06wh",83,"HC","TP","HC_TP",4,"1","1",245.7,NA,0,1494
"1495","06wh",83,"HC","TP","HC_TP",5,"1","1",466.7,NA,1,1495
"1496","06wh",83,"HC","TP","HC_TP",6,"3","1",523.2,NA,1,1496
"1497","06wh",83,"HC","TP","HC_TP",7,"4","1",563,NA,1,1497
"1498","06wh",83,"HC","TP","HC_TP",8,"5","1",627.5,NA,1,1498
"1499","06wh",89,"HC","TP","HC_TP",1,"1","1",122.2,NA,0,1499
"1500","06wh",89,"HC","TP","HC_TP",2,"1","1",190.3,NA,0,1500
"1501","06wh",89,"HC","TP","HC_TP",3,"1","1",279.4,NA,1,1501
"1502","06wh",89,"HC","TP","HC_TP",4,"3","1",446.9,NA,0,1502
"1503","06wh",89,"HC","TP","HC_TP",5,"3","1",464,NA,1,1503
"1504","06wh",89,"HC","TP","HC_TP",6,"5","1",536.8,NA,1,1504
"1505","06wh",92,"HC","TP","HC_TP",1,"1","1",122,NA,0,1505
"1506","06wh",92,"HC","TP","HC_TP",2,"1","1",198.1,NA,1,1506
"1507","06wh",92,"HC","TP","HC_TP",3,"3","1",370.7,NA,1,1507
"1508","06wh",92,"HC","TP","HC_TP",4,"5","1",447,NA,0,1508
"1509","06wh",92,"HC","TP","HC_TP",5,"5","1",547.1,NA,0,1509
"1510","06wh",92,"HC","TP","HC_TP",6,"5","1",659.3,NA,1,1510
"1511","06wh",36,"LC","JL","LC_JL",1,"1","1",120.7,NA,0,1511
"1512","06wh",36,"LC","JL","LC_JL",2,"1","1",199.5,NA,0,1512
"1513","06wh",36,"LC","JL","LC_JL",3,"1","1",343.4,NA,1,1513
"1514","06wh",36,"LC","JL","LC_JL",4,"3","1",453.1,NA,1,1514
"1515","06wh",36,"LC","JL","LC_JL",5,"1","2",381,NA,1,1515
"1516","06wh",36,"LC","JL","LC_JL",6,"4","1",478.9,NA,1,1516
"1517","06wh",36,"LC","JL","LC_JL",7,"5","1",529.4,NA,0,1517
"1518","06wh",36,"LC","JL","LC_JL",8,"5","1",579.9,NA,1,1518
"1519","06wh",26,"LC","TP","LC_TP",1,"1","1",230.4,NA,0,1519
"1520","06wh",26,"LC","TP","LC_TP",2,"1","1",279.3,NA,1,1520
"1521","06wh",26,"LC","TP","LC_TP",3,"3","1",430.5,NA,1,1521
"1522","06wh",26,"LC","TP","LC_TP",4,"4","1",459.6,NA,1,1522
"1523","06wh",26,"LC","TP","LC_TP",5,"5","1",576,NA,0,1523
"1524","06wh",26,"LC","TP","LC_TP",6,"5","1",646.4,NA,1,1524
"1525","06wh",119,"HC","JH","HC_JH",1,"1","1",119.8,NA,0,1525
"1526","06wh",119,"HC","JH","HC_JH",2,"1","1",194.4,NA,1,1526
"1527","06wh",119,"HC","JH","HC_JH",3,"2","1",348.9,NA,1,1527
"1528","06wh",119,"HC","JH","HC_JH",4,"4","1",410.5,NA,1,1528
"1529","06wh",119,"HC","JH","HC_JH",5,"5","1",476,NA,0,1529
"1530","06wh",119,"HC","JH","HC_JH",6,"5","1",620.7,NA,1,1530
"1531","06wh",44,"LC","JL","LC_JL",1,"1","1",122.5,NA,0,1531
"1532","06wh",44,"LC","JL","LC_JL",2,"1","1",201.3,NA,0,1532
"1533","06wh",44,"LC","JL","LC_JL",3,"1","1",319.9,NA,1,1533
"1534","06wh",44,"LC","JL","LC_JL",4,"2","1",440.4,NA,1,1534
"1535","06wh",44,"LC","JL","LC_JL",5,"4","1",488.2,NA,1,1535
"1536","06wh",44,"LC","JL","LC_JL",6,"5","1",613.6,NA,0,1536
"1537","06wh",44,"LC","JL","LC_JL",7,"5","1",599.2,NA,1,1537
"1538","06wh",125,"HC","JH","HC_JH",1,"1","1",112.9,NA,0,1538
"1539","06wh",125,"HC","JH","HC_JH",2,"1","1",172.6,NA,1,1539
"1540","06wh",125,"HC","JH","HC_JH",3,"2","1",328.5,NA,1,1540
